sample	unit	run_accession	platform	library_layout	fq1	fq2
934-1-2-1	1	ASPFU_UNAM-Sept2025-1	ILLUMINA	PAIRED	/groups/group-meyer/data/reads/LatAsp_Nov_2025/ASPFU_UNAM-Sept2025-1_L007_R1_001.fastq.gz	/groups/group-meyer/data/reads/LatAsp_Nov_2025/ASPFU_UNAM-Sept2025-1_L007_R2_001.fastq.gz
1867-3-1-1	1	ASPFU_UNAM-Sept2025-2	ILLUMINA	PAIRED	/groups/group-meyer/data/reads/LatAsp_Nov_2025/ASPFU_UNAM-Sept2025-2_L007_R1_001.fastq.gz	/groups/group-meyer/data/reads/LatAsp_Nov_2025/ASPFU_UNAM-Sept2025-2_L007_R2_001.fastq.gz
1867-3-1-2	1	ASPFU_UNAM-Sept2025-3	ILLUMINA	PAIRED	/groups/group-meyer/data/reads/LatAsp_Nov_2025/ASPFU_UNAM-Sept2025-3_L007_R1_001.fastq.gz	/groups/group-meyer/data/reads/LatAsp_Nov_2025/ASPFU_UNAM-Sept2025-3_L007_R2_001.fastq.gz
1867-3-1-3	1	ASPFU_UNAM-Sept2025-4	ILLUMINA	PAIRED	/groups/group-meyer/data/reads/LatAsp_Nov_2025/ASPFU_UNAM-Sept2025-4_L007_R1_001.fastq.gz	/groups/group-meyer/data/reads/LatAsp_Nov_2025/ASPFU_UNAM-Sept2025-4_L007_R2_001.fastq.gz
1626-3-1-1	1	ASPFU_UNAM-Sept2025-5	ILLUMINA	PAIRED	/groups/group-meyer/data/reads/LatAsp_Nov_2025/ASPFU_UNAM-Sept2025-5_L007_R1_001.fastq.gz	/groups/group-meyer/data/reads/LatAsp_Nov_2025/ASPFU_UNAM-Sept2025-5_L007_R2_001.fastq.gz
1656-3-2-1	1	ASPFU_UNAM-Sept2025-6	ILLUMINA	PAIRED	/groups/group-meyer/data/reads/LatAsp_Nov_2025/ASPFU_UNAM-Sept2025-6_L007_R1_001.fastq.gz	/groups/group-meyer/data/reads/LatAsp_Nov_2025/ASPFU_UNAM-Sept2025-6_L007_R2_001.fastq.gz
C4	1	ERR9791574	ILLUMINA	PAIRED	/groups/group-meyer/data/reads/PRJEB27135/ERR9791574_1.fastq.gz	/groups/group-meyer/data/reads/PRJEB27135/ERR9791574_2.fastq.gz
C2	1	ERR9791572	ILLUMINA	PAIRED	/groups/group-meyer/data/reads/PRJEB27135/ERR9791572_1.fastq.gz	/groups/group-meyer/data/reads/PRJEB27135/ERR9791572_2.fastq.gz
C5	1	ERR9791575	ILLUMINA	PAIRED	/groups/group-meyer/data/reads/PRJEB27135/ERR9791575_1.fastq.gz	/groups/group-meyer/data/reads/PRJEB27135/ERR9791575_2.fastq.gz
C3	1	ERR9791573	ILLUMINA	PAIRED	/groups/group-meyer/data/reads/PRJEB27135/ERR9791573_1.fastq.gz	/groups/group-meyer/data/reads/PRJEB27135/ERR9791573_2.fastq.gz
C10	1	ERR9791579	ILLUMINA	PAIRED	/groups/group-meyer/data/reads/PRJEB27135/ERR9791579_1.fastq.gz	/groups/group-meyer/data/reads/PRJEB27135/ERR9791579_2.fastq.gz
C6	1	ERR9791576	ILLUMINA	PAIRED	/groups/group-meyer/data/reads/PRJEB27135/ERR9791576_1.fastq.gz	/groups/group-meyer/data/reads/PRJEB27135/ERR9791576_2.fastq.gz
C11	1	ERR9791580	ILLUMINA	PAIRED	/groups/group-meyer/data/reads/PRJEB27135/ERR9791580_1.fastq.gz	/groups/group-meyer/data/reads/PRJEB27135/ERR9791580_2.fastq.gz
C7	1	ERR9791577	ILLUMINA	PAIRED	/groups/group-meyer/data/reads/PRJEB27135/ERR9791577_1.fastq.gz	/groups/group-meyer/data/reads/PRJEB27135/ERR9791577_2.fastq.gz
C12	1	ERR9791581	ILLUMINA	PAIRED	/groups/group-meyer/data/reads/PRJEB27135/ERR9791581_1.fastq.gz	/groups/group-meyer/data/reads/PRJEB27135/ERR9791581_2.fastq.gz
C8	1	ERR9791578	ILLUMINA	PAIRED	/groups/group-meyer/data/reads/PRJEB27135/ERR9791578_1.fastq.gz	/groups/group-meyer/data/reads/PRJEB27135/ERR9791578_2.fastq.gz
C14	1	ERR9791583	ILLUMINA	PAIRED	/groups/group-meyer/data/reads/PRJEB27135/ERR9791583_1.fastq.gz	/groups/group-meyer/data/reads/PRJEB27135/ERR9791583_2.fastq.gz
C21	1	ERR9791590	ILLUMINA	PAIRED	/groups/group-meyer/data/reads/PRJEB27135/ERR9791590_1.fastq.gz	/groups/group-meyer/data/reads/PRJEB27135/ERR9791590_2.fastq.gz
C15	1	ERR9791584	ILLUMINA	PAIRED	/groups/group-meyer/data/reads/PRJEB27135/ERR9791584_1.fastq.gz	/groups/group-meyer/data/reads/PRJEB27135/ERR9791584_2.fastq.gz
C23	1	ERR9791592	ILLUMINA	PAIRED	/groups/group-meyer/data/reads/PRJEB27135/ERR9791592_1.fastq.gz	/groups/group-meyer/data/reads/PRJEB27135/ERR9791592_2.fastq.gz
C17	1	ERR9791586	ILLUMINA	PAIRED	/groups/group-meyer/data/reads/PRJEB27135/ERR9791586_1.fastq.gz	/groups/group-meyer/data/reads/PRJEB27135/ERR9791586_2.fastq.gz
C1	1	ERR9791571	ILLUMINA	PAIRED	/groups/group-meyer/data/reads/PRJEB27135/ERR9791571_1.fastq.gz	/groups/group-meyer/data/reads/PRJEB27135/ERR9791571_2.fastq.gz
C24	1	ERR9791593	ILLUMINA	PAIRED	/groups/group-meyer/data/reads/PRJEB27135/ERR9791593_1.fastq.gz	/groups/group-meyer/data/reads/PRJEB27135/ERR9791593_2.fastq.gz
C18	1	ERR9791587	ILLUMINA	PAIRED	/groups/group-meyer/data/reads/PRJEB27135/ERR9791587_1.fastq.gz	/groups/group-meyer/data/reads/PRJEB27135/ERR9791587_2.fastq.gz
C26	1	ERR9791595	ILLUMINA	PAIRED	/groups/group-meyer/data/reads/PRJEB27135/ERR9791595_1.fastq.gz	/groups/group-meyer/data/reads/PRJEB27135/ERR9791595_2.fastq.gz
C13	1	ERR9791582	ILLUMINA	PAIRED	/groups/group-meyer/data/reads/PRJEB27135/ERR9791582_1.fastq.gz	/groups/group-meyer/data/reads/PRJEB27135/ERR9791582_2.fastq.gz
C20	1	ERR9791589	ILLUMINA	PAIRED	/groups/group-meyer/data/reads/PRJEB27135/ERR9791589_1.fastq.gz	/groups/group-meyer/data/reads/PRJEB27135/ERR9791589_2.fastq.gz
C27	1	ERR9791596	ILLUMINA	PAIRED	/groups/group-meyer/data/reads/PRJEB27135/ERR9791596_1.fastq.gz	/groups/group-meyer/data/reads/PRJEB27135/ERR9791596_2.fastq.gz
C16	1	ERR9791585	ILLUMINA	PAIRED	/groups/group-meyer/data/reads/PRJEB27135/ERR9791585_1.fastq.gz	/groups/group-meyer/data/reads/PRJEB27135/ERR9791585_2.fastq.gz
C30	1	ERR9791599	ILLUMINA	PAIRED	/groups/group-meyer/data/reads/PRJEB27135/ERR9791599_1.fastq.gz	/groups/group-meyer/data/reads/PRJEB27135/ERR9791599_2.fastq.gz
C19	1	ERR9791588	ILLUMINA	PAIRED	/groups/group-meyer/data/reads/PRJEB27135/ERR9791588_1.fastq.gz	/groups/group-meyer/data/reads/PRJEB27135/ERR9791588_2.fastq.gz
C28	1	ERR9791597	ILLUMINA	PAIRED	/groups/group-meyer/data/reads/PRJEB27135/ERR9791597_1.fastq.gz	/groups/group-meyer/data/reads/PRJEB27135/ERR9791597_2.fastq.gz
C31	1	ERR9791600	ILLUMINA	PAIRED	/groups/group-meyer/data/reads/PRJEB27135/ERR9791600_1.fastq.gz	/groups/group-meyer/data/reads/PRJEB27135/ERR9791600_2.fastq.gz
C22	1	ERR9791591	ILLUMINA	PAIRED	/groups/group-meyer/data/reads/PRJEB27135/ERR9791591_1.fastq.gz	/groups/group-meyer/data/reads/PRJEB27135/ERR9791591_2.fastq.gz
C33	1	ERR9791602	ILLUMINA	PAIRED	/groups/group-meyer/data/reads/PRJEB27135/ERR9791602_1.fastq.gz	/groups/group-meyer/data/reads/PRJEB27135/ERR9791602_2.fastq.gz
C38	1	ERR9791607	ILLUMINA	PAIRED	/groups/group-meyer/data/reads/PRJEB27135/ERR9791607_1.fastq.gz	/groups/group-meyer/data/reads/PRJEB27135/ERR9791607_2.fastq.gz
C25	1	ERR9791594	ILLUMINA	PAIRED	/groups/group-meyer/data/reads/PRJEB27135/ERR9791594_1.fastq.gz	/groups/group-meyer/data/reads/PRJEB27135/ERR9791594_2.fastq.gz
C37	1	ERR9791606	ILLUMINA	PAIRED	/groups/group-meyer/data/reads/PRJEB27135/ERR9791606_1.fastq.gz	/groups/group-meyer/data/reads/PRJEB27135/ERR9791606_2.fastq.gz
C39	1	ERR9791608	ILLUMINA	PAIRED	/groups/group-meyer/data/reads/PRJEB27135/ERR9791608_1.fastq.gz	/groups/group-meyer/data/reads/PRJEB27135/ERR9791608_2.fastq.gz
C29	1	ERR9791598	ILLUMINA	PAIRED	/groups/group-meyer/data/reads/PRJEB27135/ERR9791598_1.fastq.gz	/groups/group-meyer/data/reads/PRJEB27135/ERR9791598_2.fastq.gz
C43	1	ERR9791612	ILLUMINA	PAIRED	/groups/group-meyer/data/reads/PRJEB27135/ERR9791612_1.fastq.gz	/groups/group-meyer/data/reads/PRJEB27135/ERR9791612_2.fastq.gz
C44	1	ERR9791613	ILLUMINA	PAIRED	/groups/group-meyer/data/reads/PRJEB27135/ERR9791613_1.fastq.gz	/groups/group-meyer/data/reads/PRJEB27135/ERR9791613_2.fastq.gz
C32	1	ERR9791601	ILLUMINA	PAIRED	/groups/group-meyer/data/reads/PRJEB27135/ERR9791601_1.fastq.gz	/groups/group-meyer/data/reads/PRJEB27135/ERR9791601_2.fastq.gz
C47	1	ERR9791616	ILLUMINA	PAIRED	/groups/group-meyer/data/reads/PRJEB27135/ERR9791616_1.fastq.gz	/groups/group-meyer/data/reads/PRJEB27135/ERR9791616_2.fastq.gz
C34	1	ERR9791603	ILLUMINA	PAIRED	/groups/group-meyer/data/reads/PRJEB27135/ERR9791603_1.fastq.gz	/groups/group-meyer/data/reads/PRJEB27135/ERR9791603_2.fastq.gz
C45	1	ERR9791614	ILLUMINA	PAIRED	/groups/group-meyer/data/reads/PRJEB27135/ERR9791614_1.fastq.gz	/groups/group-meyer/data/reads/PRJEB27135/ERR9791614_2.fastq.gz
C55	1	ERR9791624	ILLUMINA	PAIRED	/groups/group-meyer/data/reads/PRJEB27135/ERR9791624_1.fastq.gz	/groups/group-meyer/data/reads/PRJEB27135/ERR9791624_2.fastq.gz
C35	1	ERR9791604	ILLUMINA	PAIRED	/groups/group-meyer/data/reads/PRJEB27135/ERR9791604_1.fastq.gz	/groups/group-meyer/data/reads/PRJEB27135/ERR9791604_2.fastq.gz
C46	1	ERR9791615	ILLUMINA	PAIRED	/groups/group-meyer/data/reads/PRJEB27135/ERR9791615_1.fastq.gz	/groups/group-meyer/data/reads/PRJEB27135/ERR9791615_2.fastq.gz
C56	1	ERR9791625	ILLUMINA	PAIRED	/groups/group-meyer/data/reads/PRJEB27135/ERR9791625_1.fastq.gz	/groups/group-meyer/data/reads/PRJEB27135/ERR9791625_2.fastq.gz
C57	1	ERR9791626	ILLUMINA	PAIRED	/groups/group-meyer/data/reads/PRJEB27135/ERR9791626_1.fastq.gz	/groups/group-meyer/data/reads/PRJEB27135/ERR9791626_2.fastq.gz
C48	1	ERR9791617	ILLUMINA	PAIRED	/groups/group-meyer/data/reads/PRJEB27135/ERR9791617_1.fastq.gz	/groups/group-meyer/data/reads/PRJEB27135/ERR9791617_2.fastq.gz
C36	1	ERR9791605	ILLUMINA	PAIRED	/groups/group-meyer/data/reads/PRJEB27135/ERR9791605_1.fastq.gz	/groups/group-meyer/data/reads/PRJEB27135/ERR9791605_2.fastq.gz
C60	1	ERR9791629	ILLUMINA	PAIRED	/groups/group-meyer/data/reads/PRJEB27135/ERR9791629_1.fastq.gz	/groups/group-meyer/data/reads/PRJEB27135/ERR9791629_2.fastq.gz
C52	1	ERR9791621	ILLUMINA	PAIRED	/groups/group-meyer/data/reads/PRJEB27135/ERR9791621_1.fastq.gz	/groups/group-meyer/data/reads/PRJEB27135/ERR9791621_2.fastq.gz
C40	1	ERR9791609	ILLUMINA	PAIRED	/groups/group-meyer/data/reads/PRJEB27135/ERR9791609_1.fastq.gz	/groups/group-meyer/data/reads/PRJEB27135/ERR9791609_2.fastq.gz
C61	1	ERR9791630	ILLUMINA	PAIRED	/groups/group-meyer/data/reads/PRJEB27135/ERR9791630_1.fastq.gz	/groups/group-meyer/data/reads/PRJEB27135/ERR9791630_2.fastq.gz
C53	1	ERR9791622	ILLUMINA	PAIRED	/groups/group-meyer/data/reads/PRJEB27135/ERR9791622_1.fastq.gz	/groups/group-meyer/data/reads/PRJEB27135/ERR9791622_2.fastq.gz
C41	1	ERR9791610	ILLUMINA	PAIRED	/groups/group-meyer/data/reads/PRJEB27135/ERR9791610_1.fastq.gz	/groups/group-meyer/data/reads/PRJEB27135/ERR9791610_2.fastq.gz
C62	1	ERR9791631	ILLUMINA	PAIRED	/groups/group-meyer/data/reads/PRJEB27135/ERR9791631_1.fastq.gz	/groups/group-meyer/data/reads/PRJEB27135/ERR9791631_2.fastq.gz
C54	1	ERR9791623	ILLUMINA	PAIRED	/groups/group-meyer/data/reads/PRJEB27135/ERR9791623_1.fastq.gz	/groups/group-meyer/data/reads/PRJEB27135/ERR9791623_2.fastq.gz
C42	1	ERR9791611	ILLUMINA	PAIRED	/groups/group-meyer/data/reads/PRJEB27135/ERR9791611_1.fastq.gz	/groups/group-meyer/data/reads/PRJEB27135/ERR9791611_2.fastq.gz
C59	1	ERR9791628	ILLUMINA	PAIRED	/groups/group-meyer/data/reads/PRJEB27135/ERR9791628_1.fastq.gz	/groups/group-meyer/data/reads/PRJEB27135/ERR9791628_2.fastq.gz
C49	1	ERR9791618	ILLUMINA	PAIRED	/groups/group-meyer/data/reads/PRJEB27135/ERR9791618_1.fastq.gz	/groups/group-meyer/data/reads/PRJEB27135/ERR9791618_2.fastq.gz
C70	1	ERR9791639	ILLUMINA	PAIRED	/groups/group-meyer/data/reads/PRJEB27135/ERR9791639_1.fastq.gz	/groups/group-meyer/data/reads/PRJEB27135/ERR9791639_2.fastq.gz
C63	1	ERR9791632	ILLUMINA	PAIRED	/groups/group-meyer/data/reads/PRJEB27135/ERR9791632_1.fastq.gz	/groups/group-meyer/data/reads/PRJEB27135/ERR9791632_2.fastq.gz
C50	1	ERR9791619	ILLUMINA	PAIRED	/groups/group-meyer/data/reads/PRJEB27135/ERR9791619_1.fastq.gz	/groups/group-meyer/data/reads/PRJEB27135/ERR9791619_2.fastq.gz
C72	1	ERR9791641	ILLUMINA	PAIRED	/groups/group-meyer/data/reads/PRJEB27135/ERR9791641_1.fastq.gz	/groups/group-meyer/data/reads/PRJEB27135/ERR9791641_2.fastq.gz
C64	1	ERR9791633	ILLUMINA	PAIRED	/groups/group-meyer/data/reads/PRJEB27135/ERR9791633_1.fastq.gz	/groups/group-meyer/data/reads/PRJEB27135/ERR9791633_2.fastq.gz
C73	1	ERR9791642	ILLUMINA	PAIRED	/groups/group-meyer/data/reads/PRJEB27135/ERR9791642_1.fastq.gz	/groups/group-meyer/data/reads/PRJEB27135/ERR9791642_2.fastq.gz
C51	1	ERR9791620	ILLUMINA	PAIRED	/groups/group-meyer/data/reads/PRJEB27135/ERR9791620_1.fastq.gz	/groups/group-meyer/data/reads/PRJEB27135/ERR9791620_2.fastq.gz
C68	1	ERR9791637	ILLUMINA	PAIRED	/groups/group-meyer/data/reads/PRJEB27135/ERR9791637_1.fastq.gz	/groups/group-meyer/data/reads/PRJEB27135/ERR9791637_2.fastq.gz
C75	1	ERR9791644	ILLUMINA	PAIRED	/groups/group-meyer/data/reads/PRJEB27135/ERR9791644_1.fastq.gz	/groups/group-meyer/data/reads/PRJEB27135/ERR9791644_2.fastq.gz
C58	1	ERR9791627	ILLUMINA	PAIRED	/groups/group-meyer/data/reads/PRJEB27135/ERR9791627_1.fastq.gz	/groups/group-meyer/data/reads/PRJEB27135/ERR9791627_2.fastq.gz
C69	1	ERR9791638	ILLUMINA	PAIRED	/groups/group-meyer/data/reads/PRJEB27135/ERR9791638_1.fastq.gz	/groups/group-meyer/data/reads/PRJEB27135/ERR9791638_2.fastq.gz
C78	1	ERR9791647	ILLUMINA	PAIRED	/groups/group-meyer/data/reads/PRJEB27135/ERR9791647_1.fastq.gz	/groups/group-meyer/data/reads/PRJEB27135/ERR9791647_2.fastq.gz
C65	1	ERR9791634	ILLUMINA	PAIRED	/groups/group-meyer/data/reads/PRJEB27135/ERR9791634_1.fastq.gz	/groups/group-meyer/data/reads/PRJEB27135/ERR9791634_2.fastq.gz
C71	1	ERR9791640	ILLUMINA	PAIRED	/groups/group-meyer/data/reads/PRJEB27135/ERR9791640_1.fastq.gz	/groups/group-meyer/data/reads/PRJEB27135/ERR9791640_2.fastq.gz
C83	1	ERR9791652	ILLUMINA	PAIRED	/groups/group-meyer/data/reads/PRJEB27135/ERR9791652_1.fastq.gz	/groups/group-meyer/data/reads/PRJEB27135/ERR9791652_2.fastq.gz
C66	1	ERR9791635	ILLUMINA	PAIRED	/groups/group-meyer/data/reads/PRJEB27135/ERR9791635_1.fastq.gz	/groups/group-meyer/data/reads/PRJEB27135/ERR9791635_2.fastq.gz
C74	1	ERR9791643	ILLUMINA	PAIRED	/groups/group-meyer/data/reads/PRJEB27135/ERR9791643_1.fastq.gz	/groups/group-meyer/data/reads/PRJEB27135/ERR9791643_2.fastq.gz
C67	1	ERR9791636	ILLUMINA	PAIRED	/groups/group-meyer/data/reads/PRJEB27135/ERR9791636_1.fastq.gz	/groups/group-meyer/data/reads/PRJEB27135/ERR9791636_2.fastq.gz
C79	1	ERR9791648	ILLUMINA	PAIRED	/groups/group-meyer/data/reads/PRJEB27135/ERR9791648_1.fastq.gz	/groups/group-meyer/data/reads/PRJEB27135/ERR9791648_2.fastq.gz
C84	1	ERR9791653	ILLUMINA	PAIRED	/groups/group-meyer/data/reads/PRJEB27135/ERR9791653_1.fastq.gz	/groups/group-meyer/data/reads/PRJEB27135/ERR9791653_2.fastq.gz
C76	1	ERR9791645	ILLUMINA	PAIRED	/groups/group-meyer/data/reads/PRJEB27135/ERR9791645_1.fastq.gz	/groups/group-meyer/data/reads/PRJEB27135/ERR9791645_2.fastq.gz
C80	1	ERR9791649	ILLUMINA	PAIRED	/groups/group-meyer/data/reads/PRJEB27135/ERR9791649_1.fastq.gz	/groups/group-meyer/data/reads/PRJEB27135/ERR9791649_2.fastq.gz
C77	1	ERR9791646	ILLUMINA	PAIRED	/groups/group-meyer/data/reads/PRJEB27135/ERR9791646_1.fastq.gz	/groups/group-meyer/data/reads/PRJEB27135/ERR9791646_2.fastq.gz
C81	1	ERR9791650	ILLUMINA	PAIRED	/groups/group-meyer/data/reads/PRJEB27135/ERR9791650_1.fastq.gz	/groups/group-meyer/data/reads/PRJEB27135/ERR9791650_2.fastq.gz
C86	1	ERR9791655	ILLUMINA	PAIRED	/groups/group-meyer/data/reads/PRJEB27135/ERR9791655_1.fastq.gz	/groups/group-meyer/data/reads/PRJEB27135/ERR9791655_2.fastq.gz
C87	1	ERR9791656	ILLUMINA	PAIRED	/groups/group-meyer/data/reads/PRJEB27135/ERR9791656_1.fastq.gz	/groups/group-meyer/data/reads/PRJEB27135/ERR9791656_2.fastq.gz
C82	1	ERR9791651	ILLUMINA	PAIRED	/groups/group-meyer/data/reads/PRJEB27135/ERR9791651_1.fastq.gz	/groups/group-meyer/data/reads/PRJEB27135/ERR9791651_2.fastq.gz
C89	1	ERR9791658	ILLUMINA	PAIRED	/groups/group-meyer/data/reads/PRJEB27135/ERR9791658_1.fastq.gz	/groups/group-meyer/data/reads/PRJEB27135/ERR9791658_2.fastq.gz
C88	1	ERR9791657	ILLUMINA	PAIRED	/groups/group-meyer/data/reads/PRJEB27135/ERR9791657_1.fastq.gz	/groups/group-meyer/data/reads/PRJEB27135/ERR9791657_2.fastq.gz
C85	1	ERR9791654	ILLUMINA	PAIRED	/groups/group-meyer/data/reads/PRJEB27135/ERR9791654_1.fastq.gz	/groups/group-meyer/data/reads/PRJEB27135/ERR9791654_2.fastq.gz
C93	1	ERR9791661	ILLUMINA	PAIRED	/groups/group-meyer/data/reads/PRJEB27135/ERR9791661_1.fastq.gz	/groups/group-meyer/data/reads/PRJEB27135/ERR9791661_2.fastq.gz
C105	1	ERR9791668	ILLUMINA	PAIRED	/groups/group-meyer/data/reads/PRJEB27135/ERR9791668_1.fastq.gz	/groups/group-meyer/data/reads/PRJEB27135/ERR9791668_2.fastq.gz
C91	1	ERR9791659	ILLUMINA	PAIRED	/groups/group-meyer/data/reads/PRJEB27135/ERR9791659_1.fastq.gz	/groups/group-meyer/data/reads/PRJEB27135/ERR9791659_2.fastq.gz
C95	1	ERR9791662	ILLUMINA	PAIRED	/groups/group-meyer/data/reads/PRJEB27135/ERR9791662_1.fastq.gz	/groups/group-meyer/data/reads/PRJEB27135/ERR9791662_2.fastq.gz
C106	1	ERR9791669	ILLUMINA	PAIRED	/groups/group-meyer/data/reads/PRJEB27135/ERR9791669_1.fastq.gz	/groups/group-meyer/data/reads/PRJEB27135/ERR9791669_2.fastq.gz
C92	1	ERR9791660	ILLUMINA	PAIRED	/groups/group-meyer/data/reads/PRJEB27135/ERR9791660_1.fastq.gz	/groups/group-meyer/data/reads/PRJEB27135/ERR9791660_2.fastq.gz
C103	1	ERR9791666	ILLUMINA	PAIRED	/groups/group-meyer/data/reads/PRJEB27135/ERR9791666_1.fastq.gz	/groups/group-meyer/data/reads/PRJEB27135/ERR9791666_2.fastq.gz
C111	1	ERR9791674	ILLUMINA	PAIRED	/groups/group-meyer/data/reads/PRJEB27135/ERR9791674_1.fastq.gz	/groups/group-meyer/data/reads/PRJEB27135/ERR9791674_2.fastq.gz
C96	1	ERR9791663	ILLUMINA	PAIRED	/groups/group-meyer/data/reads/PRJEB27135/ERR9791663_1.fastq.gz	/groups/group-meyer/data/reads/PRJEB27135/ERR9791663_2.fastq.gz
C104	1	ERR9791667	ILLUMINA	PAIRED	/groups/group-meyer/data/reads/PRJEB27135/ERR9791667_1.fastq.gz	/groups/group-meyer/data/reads/PRJEB27135/ERR9791667_2.fastq.gz
C113	1	ERR9791676	ILLUMINA	PAIRED	/groups/group-meyer/data/reads/PRJEB27135/ERR9791676_1.fastq.gz	/groups/group-meyer/data/reads/PRJEB27135/ERR9791676_2.fastq.gz
C99	1	ERR9791664	ILLUMINA	PAIRED	/groups/group-meyer/data/reads/PRJEB27135/ERR9791664_1.fastq.gz	/groups/group-meyer/data/reads/PRJEB27135/ERR9791664_2.fastq.gz
C117	1	ERR9791679	ILLUMINA	PAIRED	/groups/group-meyer/data/reads/PRJEB27135/ERR9791679_1.fastq.gz	/groups/group-meyer/data/reads/PRJEB27135/ERR9791679_2.fastq.gz
C107	1	ERR9791670	ILLUMINA	PAIRED	/groups/group-meyer/data/reads/PRJEB27135/ERR9791670_1.fastq.gz	/groups/group-meyer/data/reads/PRJEB27135/ERR9791670_2.fastq.gz
C100	1	ERR9791665	ILLUMINA	PAIRED	/groups/group-meyer/data/reads/PRJEB27135/ERR9791665_1.fastq.gz	/groups/group-meyer/data/reads/PRJEB27135/ERR9791665_2.fastq.gz
C121	1	ERR9791683	ILLUMINA	PAIRED	/groups/group-meyer/data/reads/PRJEB27135/ERR9791683_1.fastq.gz	/groups/group-meyer/data/reads/PRJEB27135/ERR9791683_2.fastq.gz
C109	1	ERR9791672	ILLUMINA	PAIRED	/groups/group-meyer/data/reads/PRJEB27135/ERR9791672_1.fastq.gz	/groups/group-meyer/data/reads/PRJEB27135/ERR9791672_2.fastq.gz
C108	1	ERR9791671	ILLUMINA	PAIRED	/groups/group-meyer/data/reads/PRJEB27135/ERR9791671_1.fastq.gz	/groups/group-meyer/data/reads/PRJEB27135/ERR9791671_2.fastq.gz
C124	1	ERR9791686	ILLUMINA	PAIRED	/groups/group-meyer/data/reads/PRJEB27135/ERR9791686_1.fastq.gz	/groups/group-meyer/data/reads/PRJEB27135/ERR9791686_2.fastq.gz
C110	1	ERR9791673	ILLUMINA	PAIRED	/groups/group-meyer/data/reads/PRJEB27135/ERR9791673_1.fastq.gz	/groups/group-meyer/data/reads/PRJEB27135/ERR9791673_2.fastq.gz
C112	1	ERR9791675	ILLUMINA	PAIRED	/groups/group-meyer/data/reads/PRJEB27135/ERR9791675_1.fastq.gz	/groups/group-meyer/data/reads/PRJEB27135/ERR9791675_2.fastq.gz
C126	1	ERR9791688	ILLUMINA	PAIRED	/groups/group-meyer/data/reads/PRJEB27135/ERR9791688_1.fastq.gz	/groups/group-meyer/data/reads/PRJEB27135/ERR9791688_2.fastq.gz
C114	1	ERR9791677	ILLUMINA	PAIRED	/groups/group-meyer/data/reads/PRJEB27135/ERR9791677_1.fastq.gz	/groups/group-meyer/data/reads/PRJEB27135/ERR9791677_2.fastq.gz
C118	1	ERR9791680	ILLUMINA	PAIRED	/groups/group-meyer/data/reads/PRJEB27135/ERR9791680_1.fastq.gz	/groups/group-meyer/data/reads/PRJEB27135/ERR9791680_2.fastq.gz
C127	1	ERR9791689	ILLUMINA	PAIRED	/groups/group-meyer/data/reads/PRJEB27135/ERR9791689_1.fastq.gz	/groups/group-meyer/data/reads/PRJEB27135/ERR9791689_2.fastq.gz
C115	1	ERR9791678	ILLUMINA	PAIRED	/groups/group-meyer/data/reads/PRJEB27135/ERR9791678_1.fastq.gz	/groups/group-meyer/data/reads/PRJEB27135/ERR9791678_2.fastq.gz
C128	1	ERR9791690	ILLUMINA	PAIRED	/groups/group-meyer/data/reads/PRJEB27135/ERR9791690_1.fastq.gz	/groups/group-meyer/data/reads/PRJEB27135/ERR9791690_2.fastq.gz
C120	1	ERR9791682	ILLUMINA	PAIRED	/groups/group-meyer/data/reads/PRJEB27135/ERR9791682_1.fastq.gz	/groups/group-meyer/data/reads/PRJEB27135/ERR9791682_2.fastq.gz
C119	1	ERR9791681	ILLUMINA	PAIRED	/groups/group-meyer/data/reads/PRJEB27135/ERR9791681_1.fastq.gz	/groups/group-meyer/data/reads/PRJEB27135/ERR9791681_2.fastq.gz
C133	1	ERR9791695	ILLUMINA	PAIRED	/groups/group-meyer/data/reads/PRJEB27135/ERR9791695_1.fastq.gz	/groups/group-meyer/data/reads/PRJEB27135/ERR9791695_2.fastq.gz
C122	1	ERR9791684	ILLUMINA	PAIRED	/groups/group-meyer/data/reads/PRJEB27135/ERR9791684_1.fastq.gz	/groups/group-meyer/data/reads/PRJEB27135/ERR9791684_2.fastq.gz
C123	1	ERR9791685	ILLUMINA	PAIRED	/groups/group-meyer/data/reads/PRJEB27135/ERR9791685_1.fastq.gz	/groups/group-meyer/data/reads/PRJEB27135/ERR9791685_2.fastq.gz
C135	1	ERR9791697	ILLUMINA	PAIRED	/groups/group-meyer/data/reads/PRJEB27135/ERR9791697_1.fastq.gz	/groups/group-meyer/data/reads/PRJEB27135/ERR9791697_2.fastq.gz
C130	1	ERR9791692	ILLUMINA	PAIRED	/groups/group-meyer/data/reads/PRJEB27135/ERR9791692_1.fastq.gz	/groups/group-meyer/data/reads/PRJEB27135/ERR9791692_2.fastq.gz
C125	1	ERR9791687	ILLUMINA	PAIRED	/groups/group-meyer/data/reads/PRJEB27135/ERR9791687_1.fastq.gz	/groups/group-meyer/data/reads/PRJEB27135/ERR9791687_2.fastq.gz
C137	1	ERR9791699	ILLUMINA	PAIRED	/groups/group-meyer/data/reads/PRJEB27135/ERR9791699_1.fastq.gz	/groups/group-meyer/data/reads/PRJEB27135/ERR9791699_2.fastq.gz
C132	1	ERR9791694	ILLUMINA	PAIRED	/groups/group-meyer/data/reads/PRJEB27135/ERR9791694_1.fastq.gz	/groups/group-meyer/data/reads/PRJEB27135/ERR9791694_2.fastq.gz
C129	1	ERR9791691	ILLUMINA	PAIRED	/groups/group-meyer/data/reads/PRJEB27135/ERR9791691_1.fastq.gz	/groups/group-meyer/data/reads/PRJEB27135/ERR9791691_2.fastq.gz
C138	1	ERR9791700	ILLUMINA	PAIRED	/groups/group-meyer/data/reads/PRJEB27135/ERR9791700_1.fastq.gz	/groups/group-meyer/data/reads/PRJEB27135/ERR9791700_2.fastq.gz
C136	1	ERR9791698	ILLUMINA	PAIRED	/groups/group-meyer/data/reads/PRJEB27135/ERR9791698_1.fastq.gz	/groups/group-meyer/data/reads/PRJEB27135/ERR9791698_2.fastq.gz
C131	1	ERR9791693	ILLUMINA	PAIRED	/groups/group-meyer/data/reads/PRJEB27135/ERR9791693_1.fastq.gz	/groups/group-meyer/data/reads/PRJEB27135/ERR9791693_2.fastq.gz
C139	1	ERR9791701	ILLUMINA	PAIRED	/groups/group-meyer/data/reads/PRJEB27135/ERR9791701_1.fastq.gz	/groups/group-meyer/data/reads/PRJEB27135/ERR9791701_2.fastq.gz
C140	1	ERR9791702	ILLUMINA	PAIRED	/groups/group-meyer/data/reads/PRJEB27135/ERR9791702_1.fastq.gz	/groups/group-meyer/data/reads/PRJEB27135/ERR9791702_2.fastq.gz
C134	1	ERR9791696	ILLUMINA	PAIRED	/groups/group-meyer/data/reads/PRJEB27135/ERR9791696_1.fastq.gz	/groups/group-meyer/data/reads/PRJEB27135/ERR9791696_2.fastq.gz
C146	1	ERR9791708	ILLUMINA	PAIRED	/groups/group-meyer/data/reads/PRJEB27135/ERR9791708_1.fastq.gz	/groups/group-meyer/data/reads/PRJEB27135/ERR9791708_2.fastq.gz
C142	1	ERR9791704	ILLUMINA	PAIRED	/groups/group-meyer/data/reads/PRJEB27135/ERR9791704_1.fastq.gz	/groups/group-meyer/data/reads/PRJEB27135/ERR9791704_2.fastq.gz
C141	1	ERR9791703	ILLUMINA	PAIRED	/groups/group-meyer/data/reads/PRJEB27135/ERR9791703_1.fastq.gz	/groups/group-meyer/data/reads/PRJEB27135/ERR9791703_2.fastq.gz
C151	1	ERR9791713	ILLUMINA	PAIRED	/groups/group-meyer/data/reads/PRJEB27135/ERR9791713_1.fastq.gz	/groups/group-meyer/data/reads/PRJEB27135/ERR9791713_2.fastq.gz
C143	1	ERR9791705	ILLUMINA	PAIRED	/groups/group-meyer/data/reads/PRJEB27135/ERR9791705_1.fastq.gz	/groups/group-meyer/data/reads/PRJEB27135/ERR9791705_2.fastq.gz
C148	1	ERR9791710	ILLUMINA	PAIRED	/groups/group-meyer/data/reads/PRJEB27135/ERR9791710_1.fastq.gz	/groups/group-meyer/data/reads/PRJEB27135/ERR9791710_2.fastq.gz
C155	1	ERR9791717	ILLUMINA	PAIRED	/groups/group-meyer/data/reads/PRJEB27135/ERR9791717_1.fastq.gz	/groups/group-meyer/data/reads/PRJEB27135/ERR9791717_2.fastq.gz
C144	1	ERR9791706	ILLUMINA	PAIRED	/groups/group-meyer/data/reads/PRJEB27135/ERR9791706_1.fastq.gz	/groups/group-meyer/data/reads/PRJEB27135/ERR9791706_2.fastq.gz
C150	1	ERR9791712	ILLUMINA	PAIRED	/groups/group-meyer/data/reads/PRJEB27135/ERR9791712_1.fastq.gz	/groups/group-meyer/data/reads/PRJEB27135/ERR9791712_2.fastq.gz
C165	1	ERR9791727	ILLUMINA	PAIRED	/groups/group-meyer/data/reads/PRJEB27135/ERR9791727_1.fastq.gz	/groups/group-meyer/data/reads/PRJEB27135/ERR9791727_2.fastq.gz
C145	1	ERR9791707	ILLUMINA	PAIRED	/groups/group-meyer/data/reads/PRJEB27135/ERR9791707_1.fastq.gz	/groups/group-meyer/data/reads/PRJEB27135/ERR9791707_2.fastq.gz
C154	1	ERR9791716	ILLUMINA	PAIRED	/groups/group-meyer/data/reads/PRJEB27135/ERR9791716_1.fastq.gz	/groups/group-meyer/data/reads/PRJEB27135/ERR9791716_2.fastq.gz
C147	1	ERR9791709	ILLUMINA	PAIRED	/groups/group-meyer/data/reads/PRJEB27135/ERR9791709_1.fastq.gz	/groups/group-meyer/data/reads/PRJEB27135/ERR9791709_2.fastq.gz
C166	1	ERR9791728	ILLUMINA	PAIRED	/groups/group-meyer/data/reads/PRJEB27135/ERR9791728_1.fastq.gz	/groups/group-meyer/data/reads/PRJEB27135/ERR9791728_2.fastq.gz
C156	1	ERR9791718	ILLUMINA	PAIRED	/groups/group-meyer/data/reads/PRJEB27135/ERR9791718_1.fastq.gz	/groups/group-meyer/data/reads/PRJEB27135/ERR9791718_2.fastq.gz
C149	1	ERR9791711	ILLUMINA	PAIRED	/groups/group-meyer/data/reads/PRJEB27135/ERR9791711_1.fastq.gz	/groups/group-meyer/data/reads/PRJEB27135/ERR9791711_2.fastq.gz
C159	1	ERR9791721	ILLUMINA	PAIRED	/groups/group-meyer/data/reads/PRJEB27135/ERR9791721_1.fastq.gz	/groups/group-meyer/data/reads/PRJEB27135/ERR9791721_2.fastq.gz
C169	1	ERR9791731	ILLUMINA	PAIRED	/groups/group-meyer/data/reads/PRJEB27135/ERR9791731_1.fastq.gz	/groups/group-meyer/data/reads/PRJEB27135/ERR9791731_2.fastq.gz
C161	1	ERR9791723	ILLUMINA	PAIRED	/groups/group-meyer/data/reads/PRJEB27135/ERR9791723_1.fastq.gz	/groups/group-meyer/data/reads/PRJEB27135/ERR9791723_2.fastq.gz
C152	1	ERR9791714	ILLUMINA	PAIRED	/groups/group-meyer/data/reads/PRJEB27135/ERR9791714_1.fastq.gz	/groups/group-meyer/data/reads/PRJEB27135/ERR9791714_2.fastq.gz
C174	1	ERR9791736	ILLUMINA	PAIRED	/groups/group-meyer/data/reads/PRJEB27135/ERR9791736_1.fastq.gz	/groups/group-meyer/data/reads/PRJEB27135/ERR9791736_2.fastq.gz
C163	1	ERR9791725	ILLUMINA	PAIRED	/groups/group-meyer/data/reads/PRJEB27135/ERR9791725_1.fastq.gz	/groups/group-meyer/data/reads/PRJEB27135/ERR9791725_2.fastq.gz
C153	1	ERR9791715	ILLUMINA	PAIRED	/groups/group-meyer/data/reads/PRJEB27135/ERR9791715_1.fastq.gz	/groups/group-meyer/data/reads/PRJEB27135/ERR9791715_2.fastq.gz
C178	1	ERR9791740	ILLUMINA	PAIRED	/groups/group-meyer/data/reads/PRJEB27135/ERR9791740_1.fastq.gz	/groups/group-meyer/data/reads/PRJEB27135/ERR9791740_2.fastq.gz
C168	1	ERR9791730	ILLUMINA	PAIRED	/groups/group-meyer/data/reads/PRJEB27135/ERR9791730_1.fastq.gz	/groups/group-meyer/data/reads/PRJEB27135/ERR9791730_2.fastq.gz
C157	1	ERR9791719	ILLUMINA	PAIRED	/groups/group-meyer/data/reads/PRJEB27135/ERR9791719_1.fastq.gz	/groups/group-meyer/data/reads/PRJEB27135/ERR9791719_2.fastq.gz
C180	1	ERR9791742	ILLUMINA	PAIRED	/groups/group-meyer/data/reads/PRJEB27135/ERR9791742_1.fastq.gz	/groups/group-meyer/data/reads/PRJEB27135/ERR9791742_2.fastq.gz
C170	1	ERR9791732	ILLUMINA	PAIRED	/groups/group-meyer/data/reads/PRJEB27135/ERR9791732_1.fastq.gz	/groups/group-meyer/data/reads/PRJEB27135/ERR9791732_2.fastq.gz
C158	1	ERR9791720	ILLUMINA	PAIRED	/groups/group-meyer/data/reads/PRJEB27135/ERR9791720_1.fastq.gz	/groups/group-meyer/data/reads/PRJEB27135/ERR9791720_2.fastq.gz
C173	1	ERR9791735	ILLUMINA	PAIRED	/groups/group-meyer/data/reads/PRJEB27135/ERR9791735_1.fastq.gz	/groups/group-meyer/data/reads/PRJEB27135/ERR9791735_2.fastq.gz
C181	1	ERR9791743	ILLUMINA	PAIRED	/groups/group-meyer/data/reads/PRJEB27135/ERR9791743_1.fastq.gz	/groups/group-meyer/data/reads/PRJEB27135/ERR9791743_2.fastq.gz
C160	1	ERR9791722	ILLUMINA	PAIRED	/groups/group-meyer/data/reads/PRJEB27135/ERR9791722_1.fastq.gz	/groups/group-meyer/data/reads/PRJEB27135/ERR9791722_2.fastq.gz
C185	1	ERR9791747	ILLUMINA	PAIRED	/groups/group-meyer/data/reads/PRJEB27135/ERR9791747_1.fastq.gz	/groups/group-meyer/data/reads/PRJEB27135/ERR9791747_2.fastq.gz
C175	1	ERR9791737	ILLUMINA	PAIRED	/groups/group-meyer/data/reads/PRJEB27135/ERR9791737_1.fastq.gz	/groups/group-meyer/data/reads/PRJEB27135/ERR9791737_2.fastq.gz
C162	1	ERR9791724	ILLUMINA	PAIRED	/groups/group-meyer/data/reads/PRJEB27135/ERR9791724_1.fastq.gz	/groups/group-meyer/data/reads/PRJEB27135/ERR9791724_2.fastq.gz
C189	1	ERR9791751	ILLUMINA	PAIRED	/groups/group-meyer/data/reads/PRJEB27135/ERR9791751_1.fastq.gz	/groups/group-meyer/data/reads/PRJEB27135/ERR9791751_2.fastq.gz
C176	1	ERR9791738	ILLUMINA	PAIRED	/groups/group-meyer/data/reads/PRJEB27135/ERR9791738_1.fastq.gz	/groups/group-meyer/data/reads/PRJEB27135/ERR9791738_2.fastq.gz
C164	1	ERR9791726	ILLUMINA	PAIRED	/groups/group-meyer/data/reads/PRJEB27135/ERR9791726_1.fastq.gz	/groups/group-meyer/data/reads/PRJEB27135/ERR9791726_2.fastq.gz
C179	1	ERR9791741	ILLUMINA	PAIRED	/groups/group-meyer/data/reads/PRJEB27135/ERR9791741_1.fastq.gz	/groups/group-meyer/data/reads/PRJEB27135/ERR9791741_2.fastq.gz
C220	1	ERR9791754	ILLUMINA	PAIRED	/groups/group-meyer/data/reads/PRJEB27135/ERR9791754_1.fastq.gz	/groups/group-meyer/data/reads/PRJEB27135/ERR9791754_2.fastq.gz
C167	1	ERR9791729	ILLUMINA	PAIRED	/groups/group-meyer/data/reads/PRJEB27135/ERR9791729_1.fastq.gz	/groups/group-meyer/data/reads/PRJEB27135/ERR9791729_2.fastq.gz
C182	1	ERR9791744	ILLUMINA	PAIRED	/groups/group-meyer/data/reads/PRJEB27135/ERR9791744_1.fastq.gz	/groups/group-meyer/data/reads/PRJEB27135/ERR9791744_2.fastq.gz
C221	1	ERR9791755	ILLUMINA	PAIRED	/groups/group-meyer/data/reads/PRJEB27135/ERR9791755_1.fastq.gz	/groups/group-meyer/data/reads/PRJEB27135/ERR9791755_2.fastq.gz
C171	1	ERR9791733	ILLUMINA	PAIRED	/groups/group-meyer/data/reads/PRJEB27135/ERR9791733_1.fastq.gz	/groups/group-meyer/data/reads/PRJEB27135/ERR9791733_2.fastq.gz
C183	1	ERR9791745	ILLUMINA	PAIRED	/groups/group-meyer/data/reads/PRJEB27135/ERR9791745_1.fastq.gz	/groups/group-meyer/data/reads/PRJEB27135/ERR9791745_2.fastq.gz
C222	1	ERR9791756	ILLUMINA	PAIRED	/groups/group-meyer/data/reads/PRJEB27135/ERR9791756_1.fastq.gz	/groups/group-meyer/data/reads/PRJEB27135/ERR9791756_2.fastq.gz
C172	1	ERR9791734	ILLUMINA	PAIRED	/groups/group-meyer/data/reads/PRJEB27135/ERR9791734_1.fastq.gz	/groups/group-meyer/data/reads/PRJEB27135/ERR9791734_2.fastq.gz
C186	1	ERR9791748	ILLUMINA	PAIRED	/groups/group-meyer/data/reads/PRJEB27135/ERR9791748_1.fastq.gz	/groups/group-meyer/data/reads/PRJEB27135/ERR9791748_2.fastq.gz
C177	1	ERR9791739	ILLUMINA	PAIRED	/groups/group-meyer/data/reads/PRJEB27135/ERR9791739_1.fastq.gz	/groups/group-meyer/data/reads/PRJEB27135/ERR9791739_2.fastq.gz
C223	1	ERR9791757	ILLUMINA	PAIRED	/groups/group-meyer/data/reads/PRJEB27135/ERR9791757_1.fastq.gz	/groups/group-meyer/data/reads/PRJEB27135/ERR9791757_2.fastq.gz
C190	1	ERR9791752	ILLUMINA	PAIRED	/groups/group-meyer/data/reads/PRJEB27135/ERR9791752_1.fastq.gz	/groups/group-meyer/data/reads/PRJEB27135/ERR9791752_2.fastq.gz
C184	1	ERR9791746	ILLUMINA	PAIRED	/groups/group-meyer/data/reads/PRJEB27135/ERR9791746_1.fastq.gz	/groups/group-meyer/data/reads/PRJEB27135/ERR9791746_2.fastq.gz
C246	1	ERR9791758	ILLUMINA	PAIRED	/groups/group-meyer/data/reads/PRJEB27135/ERR9791758_1.fastq.gz	/groups/group-meyer/data/reads/PRJEB27135/ERR9791758_2.fastq.gz
C342	1	ERR9791762	ILLUMINA	PAIRED	/groups/group-meyer/data/reads/PRJEB27135/ERR9791762_1.fastq.gz	/groups/group-meyer/data/reads/PRJEB27135/ERR9791762_2.fastq.gz
C187	1	ERR9791749	ILLUMINA	PAIRED	/groups/group-meyer/data/reads/PRJEB27135/ERR9791749_1.fastq.gz	/groups/group-meyer/data/reads/PRJEB27135/ERR9791749_2.fastq.gz
C343	1	ERR9791763	ILLUMINA	PAIRED	/groups/group-meyer/data/reads/PRJEB27135/ERR9791763_1.fastq.gz	/groups/group-meyer/data/reads/PRJEB27135/ERR9791763_2.fastq.gz
C188	1	ERR9791750	ILLUMINA	PAIRED	/groups/group-meyer/data/reads/PRJEB27135/ERR9791750_1.fastq.gz	/groups/group-meyer/data/reads/PRJEB27135/ERR9791750_2.fastq.gz
C275	1	ERR9791760	ILLUMINA	PAIRED	/groups/group-meyer/data/reads/PRJEB27135/ERR9791760_1.fastq.gz	/groups/group-meyer/data/reads/PRJEB27135/ERR9791760_2.fastq.gz
C346	1	ERR9791766	ILLUMINA	PAIRED	/groups/group-meyer/data/reads/PRJEB27135/ERR9791766_1.fastq.gz	/groups/group-meyer/data/reads/PRJEB27135/ERR9791766_2.fastq.gz
C191	1	ERR9791753	ILLUMINA	PAIRED	/groups/group-meyer/data/reads/PRJEB27135/ERR9791753_1.fastq.gz	/groups/group-meyer/data/reads/PRJEB27135/ERR9791753_2.fastq.gz
C359	1	ERR9791772	ILLUMINA	PAIRED	/groups/group-meyer/data/reads/PRJEB27135/ERR9791772_1.fastq.gz	/groups/group-meyer/data/reads/PRJEB27135/ERR9791772_2.fastq.gz
C354	1	ERR9791767	ILLUMINA	PAIRED	/groups/group-meyer/data/reads/PRJEB27135/ERR9791767_1.fastq.gz	/groups/group-meyer/data/reads/PRJEB27135/ERR9791767_2.fastq.gz
C272	1	ERR9791759	ILLUMINA	PAIRED	/groups/group-meyer/data/reads/PRJEB27135/ERR9791759_1.fastq.gz	/groups/group-meyer/data/reads/PRJEB27135/ERR9791759_2.fastq.gz
C355	1	ERR9791768	ILLUMINA	PAIRED	/groups/group-meyer/data/reads/PRJEB27135/ERR9791768_1.fastq.gz	/groups/group-meyer/data/reads/PRJEB27135/ERR9791768_2.fastq.gz
C341	1	ERR9791761	ILLUMINA	PAIRED	/groups/group-meyer/data/reads/PRJEB27135/ERR9791761_1.fastq.gz	/groups/group-meyer/data/reads/PRJEB27135/ERR9791761_2.fastq.gz
C360	1	ERR9791773	ILLUMINA	PAIRED	/groups/group-meyer/data/reads/PRJEB27135/ERR9791773_1.fastq.gz	/groups/group-meyer/data/reads/PRJEB27135/ERR9791773_2.fastq.gz
C357	1	ERR9791770	ILLUMINA	PAIRED	/groups/group-meyer/data/reads/PRJEB27135/ERR9791770_1.fastq.gz	/groups/group-meyer/data/reads/PRJEB27135/ERR9791770_2.fastq.gz
C344	1	ERR9791764	ILLUMINA	PAIRED	/groups/group-meyer/data/reads/PRJEB27135/ERR9791764_1.fastq.gz	/groups/group-meyer/data/reads/PRJEB27135/ERR9791764_2.fastq.gz
C363	1	ERR9791776	ILLUMINA	PAIRED	/groups/group-meyer/data/reads/PRJEB27135/ERR9791776_1.fastq.gz	/groups/group-meyer/data/reads/PRJEB27135/ERR9791776_2.fastq.gz
C345	1	ERR9791765	ILLUMINA	PAIRED	/groups/group-meyer/data/reads/PRJEB27135/ERR9791765_1.fastq.gz	/groups/group-meyer/data/reads/PRJEB27135/ERR9791765_2.fastq.gz
C358	1	ERR9791771	ILLUMINA	PAIRED	/groups/group-meyer/data/reads/PRJEB27135/ERR9791771_1.fastq.gz	/groups/group-meyer/data/reads/PRJEB27135/ERR9791771_2.fastq.gz
C356	1	ERR9791769	ILLUMINA	PAIRED	/groups/group-meyer/data/reads/PRJEB27135/ERR9791769_1.fastq.gz	/groups/group-meyer/data/reads/PRJEB27135/ERR9791769_2.fastq.gz
C361	1	ERR9791774	ILLUMINA	PAIRED	/groups/group-meyer/data/reads/PRJEB27135/ERR9791774_1.fastq.gz	/groups/group-meyer/data/reads/PRJEB27135/ERR9791774_2.fastq.gz
C364	1	ERR9791777	ILLUMINA	PAIRED	/groups/group-meyer/data/reads/PRJEB27135/ERR9791777_1.fastq.gz	/groups/group-meyer/data/reads/PRJEB27135/ERR9791777_2.fastq.gz
C365	1	ERR9791778	ILLUMINA	PAIRED	/groups/group-meyer/data/reads/PRJEB27135/ERR9791778_1.fastq.gz	/groups/group-meyer/data/reads/PRJEB27135/ERR9791778_2.fastq.gz
C362	1	ERR9791775	ILLUMINA	PAIRED	/groups/group-meyer/data/reads/PRJEB27135/ERR9791775_1.fastq.gz	/groups/group-meyer/data/reads/PRJEB27135/ERR9791775_2.fastq.gz
C366	1	ERR9791779	ILLUMINA	PAIRED	/groups/group-meyer/data/reads/PRJEB27135/ERR9791779_1.fastq.gz	/groups/group-meyer/data/reads/PRJEB27135/ERR9791779_2.fastq.gz
C369	1	ERR9791782	ILLUMINA	PAIRED	/groups/group-meyer/data/reads/PRJEB27135/ERR9791782_1.fastq.gz	/groups/group-meyer/data/reads/PRJEB27135/ERR9791782_2.fastq.gz
C367	1	ERR9791780	ILLUMINA	PAIRED	/groups/group-meyer/data/reads/PRJEB27135/ERR9791780_1.fastq.gz	/groups/group-meyer/data/reads/PRJEB27135/ERR9791780_2.fastq.gz
C368	1	ERR9791781	ILLUMINA	PAIRED	/groups/group-meyer/data/reads/PRJEB27135/ERR9791781_1.fastq.gz	/groups/group-meyer/data/reads/PRJEB27135/ERR9791781_2.fastq.gz
1267	1	ERR12832675	ILLUMINA	PAIRED	/groups/group-meyer/data/reads/PRJEB73793/ERR12832675_1.fastq.gz	/groups/group-meyer/data/reads/PRJEB73793/ERR12832675_2.fastq.gz
513	1	ERR12832673	ILLUMINA	PAIRED	/groups/group-meyer/data/reads/PRJEB73793/ERR12832673_1.fastq.gz	/groups/group-meyer/data/reads/PRJEB73793/ERR12832673_2.fastq.gz
1533	1	ERR12832677	ILLUMINA	PAIRED	/groups/group-meyer/data/reads/PRJEB73793/ERR12832677_1.fastq.gz	/groups/group-meyer/data/reads/PRJEB73793/ERR12832677_2.fastq.gz
2109	1	ERR12832683	ILLUMINA	PAIRED	/groups/group-meyer/data/reads/PRJEB73793/ERR12832683_1.fastq.gz	/groups/group-meyer/data/reads/PRJEB73793/ERR12832683_2.fastq.gz
980	1	ERR12832674	ILLUMINA	PAIRED	/groups/group-meyer/data/reads/PRJEB73793/ERR12832674_1.fastq.gz	/groups/group-meyer/data/reads/PRJEB73793/ERR12832674_2.fastq.gz
162	1	ERR12832672	ILLUMINA	PAIRED	/groups/group-meyer/data/reads/PRJEB73793/ERR12832672_1.fastq.gz	/groups/group-meyer/data/reads/PRJEB73793/ERR12832672_2.fastq.gz
11A2	1	ERR12832687	ILLUMINA	PAIRED	/groups/group-meyer/data/reads/PRJEB73793/ERR12832687_1.fastq.gz	/groups/group-meyer/data/reads/PRJEB73793/ERR12832687_2.fastq.gz
1464	1	ERR12832676	ILLUMINA	PAIRED	/groups/group-meyer/data/reads/PRJEB73793/ERR12832676_1.fastq.gz	/groups/group-meyer/data/reads/PRJEB73793/ERR12832676_2.fastq.gz
2108	1	ERR12832682	ILLUMINA	PAIRED	/groups/group-meyer/data/reads/PRJEB73793/ERR12832682_1.fastq.gz	/groups/group-meyer/data/reads/PRJEB73793/ERR12832682_2.fastq.gz
1545	1	ERR12832678	ILLUMINA	PAIRED	/groups/group-meyer/data/reads/PRJEB73793/ERR12832678_1.fastq.gz	/groups/group-meyer/data/reads/PRJEB73793/ERR12832678_2.fastq.gz
11A5	1	ERR12832688	ILLUMINA	PAIRED	/groups/group-meyer/data/reads/PRJEB73793/ERR12832688_1.fastq.gz	/groups/group-meyer/data/reads/PRJEB73793/ERR12832688_2.fastq.gz
2288	1	ERR12832684	ILLUMINA	PAIRED	/groups/group-meyer/data/reads/PRJEB73793/ERR12832684_1.fastq.gz	/groups/group-meyer/data/reads/PRJEB73793/ERR12832684_2.fastq.gz
13B11	1	ERR12832690	ILLUMINA	PAIRED	/groups/group-meyer/data/reads/PRJEB73793/ERR12832690_1.fastq.gz	/groups/group-meyer/data/reads/PRJEB73793/ERR12832690_2.fastq.gz
1730	1	ERR12832679	ILLUMINA	PAIRED	/groups/group-meyer/data/reads/PRJEB73793/ERR12832679_1.fastq.gz	/groups/group-meyer/data/reads/PRJEB73793/ERR12832679_2.fastq.gz
2406	1	ERR12832685	ILLUMINA	PAIRED	/groups/group-meyer/data/reads/PRJEB73793/ERR12832685_1.fastq.gz	/groups/group-meyer/data/reads/PRJEB73793/ERR12832685_2.fastq.gz
25C20	1	ERR12832697	ILLUMINA	PAIRED	/groups/group-meyer/data/reads/PRJEB73793/ERR12832697_1.fastq.gz	/groups/group-meyer/data/reads/PRJEB73793/ERR12832697_2.fastq.gz
1945	1	ERR12832680	ILLUMINA	PAIRED	/groups/group-meyer/data/reads/PRJEB73793/ERR12832680_1.fastq.gz	/groups/group-meyer/data/reads/PRJEB73793/ERR12832680_2.fastq.gz
18A1	1	ERR12832693	ILLUMINA	PAIRED	/groups/group-meyer/data/reads/PRJEB73793/ERR12832693_1.fastq.gz	/groups/group-meyer/data/reads/PRJEB73793/ERR12832693_2.fastq.gz
26B5	1	ERR12832698	ILLUMINA	PAIRED	/groups/group-meyer/data/reads/PRJEB73793/ERR12832698_1.fastq.gz	/groups/group-meyer/data/reads/PRJEB73793/ERR12832698_2.fastq.gz
1976	1	ERR12832681	ILLUMINA	PAIRED	/groups/group-meyer/data/reads/PRJEB73793/ERR12832681_1.fastq.gz	/groups/group-meyer/data/reads/PRJEB73793/ERR12832681_2.fastq.gz
18A2	1	ERR12832694	ILLUMINA	PAIRED	/groups/group-meyer/data/reads/PRJEB73793/ERR12832694_1.fastq.gz	/groups/group-meyer/data/reads/PRJEB73793/ERR12832694_2.fastq.gz
38C31	1	ERR12832706	ILLUMINA	PAIRED	/groups/group-meyer/data/reads/PRJEB73793/ERR12832706_1.fastq.gz	/groups/group-meyer/data/reads/PRJEB73793/ERR12832706_2.fastq.gz
102C11	1	ERR12832686	ILLUMINA	PAIRED	/groups/group-meyer/data/reads/PRJEB73793/ERR12832686_1.fastq.gz	/groups/group-meyer/data/reads/PRJEB73793/ERR12832686_2.fastq.gz
18A3	1	ERR12832695	ILLUMINA	PAIRED	/groups/group-meyer/data/reads/PRJEB73793/ERR12832695_1.fastq.gz	/groups/group-meyer/data/reads/PRJEB73793/ERR12832695_2.fastq.gz
40A8	1	ERR12832710	ILLUMINA	PAIRED	/groups/group-meyer/data/reads/PRJEB73793/ERR12832710_1.fastq.gz	/groups/group-meyer/data/reads/PRJEB73793/ERR12832710_2.fastq.gz
11A6	1	ERR12832689	ILLUMINA	PAIRED	/groups/group-meyer/data/reads/PRJEB73793/ERR12832689_1.fastq.gz	/groups/group-meyer/data/reads/PRJEB73793/ERR12832689_2.fastq.gz
46A23	1	ERR12832711	ILLUMINA	PAIRED	/groups/group-meyer/data/reads/PRJEB73793/ERR12832711_1.fastq.gz	/groups/group-meyer/data/reads/PRJEB73793/ERR12832711_2.fastq.gz
19B4	1	ERR12832696	ILLUMINA	PAIRED	/groups/group-meyer/data/reads/PRJEB73793/ERR12832696_1.fastq.gz	/groups/group-meyer/data/reads/PRJEB73793/ERR12832696_2.fastq.gz
47A8	1	ERR12832712	ILLUMINA	PAIRED	/groups/group-meyer/data/reads/PRJEB73793/ERR12832712_1.fastq.gz	/groups/group-meyer/data/reads/PRJEB73793/ERR12832712_2.fastq.gz
13B9	1	ERR12832691	ILLUMINA	PAIRED	/groups/group-meyer/data/reads/PRJEB73793/ERR12832691_1.fastq.gz	/groups/group-meyer/data/reads/PRJEB73793/ERR12832691_2.fastq.gz
27C7	1	ERR12832700	ILLUMINA	PAIRED	/groups/group-meyer/data/reads/PRJEB73793/ERR12832700_1.fastq.gz	/groups/group-meyer/data/reads/PRJEB73793/ERR12832700_2.fastq.gz
48A4	1	ERR12832713	ILLUMINA	PAIRED	/groups/group-meyer/data/reads/PRJEB73793/ERR12832713_1.fastq.gz	/groups/group-meyer/data/reads/PRJEB73793/ERR12832713_2.fastq.gz
16C32	1	ERR12832692	ILLUMINA	PAIRED	/groups/group-meyer/data/reads/PRJEB73793/ERR12832692_1.fastq.gz	/groups/group-meyer/data/reads/PRJEB73793/ERR12832692_2.fastq.gz
29C8	1	ERR12832701	ILLUMINA	PAIRED	/groups/group-meyer/data/reads/PRJEB73793/ERR12832701_1.fastq.gz	/groups/group-meyer/data/reads/PRJEB73793/ERR12832701_2.fastq.gz
4A18	1	ERR12832716	ILLUMINA	PAIRED	/groups/group-meyer/data/reads/PRJEB73793/ERR12832716_1.fastq.gz	/groups/group-meyer/data/reads/PRJEB73793/ERR12832716_2.fastq.gz
27C10	1	ERR12832699	ILLUMINA	PAIRED	/groups/group-meyer/data/reads/PRJEB73793/ERR12832699_1.fastq.gz	/groups/group-meyer/data/reads/PRJEB73793/ERR12832699_2.fastq.gz
4A19	1	ERR12832717	ILLUMINA	PAIRED	/groups/group-meyer/data/reads/PRJEB73793/ERR12832717_1.fastq.gz	/groups/group-meyer/data/reads/PRJEB73793/ERR12832717_2.fastq.gz
33MK1	1	ERR12832702	ILLUMINA	PAIRED	/groups/group-meyer/data/reads/PRJEB73793/ERR12832702_1.fastq.gz	/groups/group-meyer/data/reads/PRJEB73793/ERR12832702_2.fastq.gz
50C32	1	ERR12832718	ILLUMINA	PAIRED	/groups/group-meyer/data/reads/PRJEB73793/ERR12832718_1.fastq.gz	/groups/group-meyer/data/reads/PRJEB73793/ERR12832718_2.fastq.gz
35CS28	1	ERR12832704	ILLUMINA	PAIRED	/groups/group-meyer/data/reads/PRJEB73793/ERR12832704_1.fastq.gz	/groups/group-meyer/data/reads/PRJEB73793/ERR12832704_2.fastq.gz
34BR24	1	ERR12832703	ILLUMINA	PAIRED	/groups/group-meyer/data/reads/PRJEB73793/ERR12832703_1.fastq.gz	/groups/group-meyer/data/reads/PRJEB73793/ERR12832703_2.fastq.gz
55C1	1	ERR12832720	ILLUMINA	PAIRED	/groups/group-meyer/data/reads/PRJEB73793/ERR12832720_1.fastq.gz	/groups/group-meyer/data/reads/PRJEB73793/ERR12832720_2.fastq.gz
40A20	1	ERR12832708	ILLUMINA	PAIRED	/groups/group-meyer/data/reads/PRJEB73793/ERR12832708_1.fastq.gz	/groups/group-meyer/data/reads/PRJEB73793/ERR12832708_2.fastq.gz
55C3	1	ERR12832721	ILLUMINA	PAIRED	/groups/group-meyer/data/reads/PRJEB73793/ERR12832721_1.fastq.gz	/groups/group-meyer/data/reads/PRJEB73793/ERR12832721_2.fastq.gz
40A21	1	ERR12832709	ILLUMINA	PAIRED	/groups/group-meyer/data/reads/PRJEB73793/ERR12832709_1.fastq.gz	/groups/group-meyer/data/reads/PRJEB73793/ERR12832709_2.fastq.gz
36B7	1	ERR12832705	ILLUMINA	PAIRED	/groups/group-meyer/data/reads/PRJEB73793/ERR12832705_1.fastq.gz	/groups/group-meyer/data/reads/PRJEB73793/ERR12832705_2.fastq.gz
55C4	1	ERR12832722	ILLUMINA	PAIRED	/groups/group-meyer/data/reads/PRJEB73793/ERR12832722_1.fastq.gz	/groups/group-meyer/data/reads/PRJEB73793/ERR12832722_2.fastq.gz
48A5	1	ERR12832714	ILLUMINA	PAIRED	/groups/group-meyer/data/reads/PRJEB73793/ERR12832714_1.fastq.gz	/groups/group-meyer/data/reads/PRJEB73793/ERR12832714_2.fastq.gz
39B10	1	ERR12832707	ILLUMINA	PAIRED	/groups/group-meyer/data/reads/PRJEB73793/ERR12832707_1.fastq.gz	/groups/group-meyer/data/reads/PRJEB73793/ERR12832707_2.fastq.gz
56C20	1	ERR12832724	ILLUMINA	PAIRED	/groups/group-meyer/data/reads/PRJEB73793/ERR12832724_1.fastq.gz	/groups/group-meyer/data/reads/PRJEB73793/ERR12832724_2.fastq.gz
48A6	1	ERR12832715	ILLUMINA	PAIRED	/groups/group-meyer/data/reads/PRJEB73793/ERR12832715_1.fastq.gz	/groups/group-meyer/data/reads/PRJEB73793/ERR12832715_2.fastq.gz
58C25	1	ERR12832725	ILLUMINA	PAIRED	/groups/group-meyer/data/reads/PRJEB73793/ERR12832725_1.fastq.gz	/groups/group-meyer/data/reads/PRJEB73793/ERR12832725_2.fastq.gz
56C17	1	ERR12832723	ILLUMINA	PAIRED	/groups/group-meyer/data/reads/PRJEB73793/ERR12832723_1.fastq.gz	/groups/group-meyer/data/reads/PRJEB73793/ERR12832723_2.fastq.gz
52B4	1	ERR12832719	ILLUMINA	PAIRED	/groups/group-meyer/data/reads/PRJEB73793/ERR12832719_1.fastq.gz	/groups/group-meyer/data/reads/PRJEB73793/ERR12832719_2.fastq.gz
66A16	1	ERR12832729	ILLUMINA	PAIRED	/groups/group-meyer/data/reads/PRJEB73793/ERR12832729_1.fastq.gz	/groups/group-meyer/data/reads/PRJEB73793/ERR12832729_2.fastq.gz
60C3	1	ERR12832727	ILLUMINA	PAIRED	/groups/group-meyer/data/reads/PRJEB73793/ERR12832727_1.fastq.gz	/groups/group-meyer/data/reads/PRJEB73793/ERR12832727_2.fastq.gz
5A16	1	ERR12832726	ILLUMINA	PAIRED	/groups/group-meyer/data/reads/PRJEB73793/ERR12832726_1.fastq.gz	/groups/group-meyer/data/reads/PRJEB73793/ERR12832726_2.fastq.gz
67A2	1	ERR12832731	ILLUMINA	PAIRED	/groups/group-meyer/data/reads/PRJEB73793/ERR12832731_1.fastq.gz	/groups/group-meyer/data/reads/PRJEB73793/ERR12832731_2.fastq.gz
63C6	1	ERR12832728	ILLUMINA	PAIRED	/groups/group-meyer/data/reads/PRJEB73793/ERR12832728_1.fastq.gz	/groups/group-meyer/data/reads/PRJEB73793/ERR12832728_2.fastq.gz
66A3	1	ERR12832730	ILLUMINA	PAIRED	/groups/group-meyer/data/reads/PRJEB73793/ERR12832730_1.fastq.gz	/groups/group-meyer/data/reads/PRJEB73793/ERR12832730_2.fastq.gz
67A3	1	ERR12832732	ILLUMINA	PAIRED	/groups/group-meyer/data/reads/PRJEB73793/ERR12832732_1.fastq.gz	/groups/group-meyer/data/reads/PRJEB73793/ERR12832732_2.fastq.gz
72A11	1	ERR12832737	ILLUMINA	PAIRED	/groups/group-meyer/data/reads/PRJEB73793/ERR12832737_1.fastq.gz	/groups/group-meyer/data/reads/PRJEB73793/ERR12832737_2.fastq.gz
70B28	1	ERR12832736	ILLUMINA	PAIRED	/groups/group-meyer/data/reads/PRJEB73793/ERR12832736_1.fastq.gz	/groups/group-meyer/data/reads/PRJEB73793/ERR12832736_2.fastq.gz
68A3	1	ERR12832733	ILLUMINA	PAIRED	/groups/group-meyer/data/reads/PRJEB73793/ERR12832733_1.fastq.gz	/groups/group-meyer/data/reads/PRJEB73793/ERR12832733_2.fastq.gz
76A17	1	ERR12832742	ILLUMINA	PAIRED	/groups/group-meyer/data/reads/PRJEB73793/ERR12832742_1.fastq.gz	/groups/group-meyer/data/reads/PRJEB73793/ERR12832742_2.fastq.gz
72A6	1	ERR12832739	ILLUMINA	PAIRED	/groups/group-meyer/data/reads/PRJEB73793/ERR12832739_1.fastq.gz	/groups/group-meyer/data/reads/PRJEB73793/ERR12832739_2.fastq.gz
69A4	1	ERR12832734	ILLUMINA	PAIRED	/groups/group-meyer/data/reads/PRJEB73793/ERR12832734_1.fastq.gz	/groups/group-meyer/data/reads/PRJEB73793/ERR12832734_2.fastq.gz
76A18	1	ERR12832743	ILLUMINA	PAIRED	/groups/group-meyer/data/reads/PRJEB73793/ERR12832743_1.fastq.gz	/groups/group-meyer/data/reads/PRJEB73793/ERR12832743_2.fastq.gz
69A5	1	ERR12832735	ILLUMINA	PAIRED	/groups/group-meyer/data/reads/PRJEB73793/ERR12832735_1.fastq.gz	/groups/group-meyer/data/reads/PRJEB73793/ERR12832735_2.fastq.gz
81C3	1	ERR12832750	ILLUMINA	PAIRED	/groups/group-meyer/data/reads/PRJEB73793/ERR12832750_1.fastq.gz	/groups/group-meyer/data/reads/PRJEB73793/ERR12832750_2.fastq.gz
78C1	1	ERR12832745	ILLUMINA	PAIRED	/groups/group-meyer/data/reads/PRJEB73793/ERR12832745_1.fastq.gz	/groups/group-meyer/data/reads/PRJEB73793/ERR12832745_2.fastq.gz
72A19	1	ERR12832738	ILLUMINA	PAIRED	/groups/group-meyer/data/reads/PRJEB73793/ERR12832738_1.fastq.gz	/groups/group-meyer/data/reads/PRJEB73793/ERR12832738_2.fastq.gz
83C13	1	ERR12832753	ILLUMINA	PAIRED	/groups/group-meyer/data/reads/PRJEB73793/ERR12832753_1.fastq.gz	/groups/group-meyer/data/reads/PRJEB73793/ERR12832753_2.fastq.gz
78C2	1	ERR12832746	ILLUMINA	PAIRED	/groups/group-meyer/data/reads/PRJEB73793/ERR12832746_1.fastq.gz	/groups/group-meyer/data/reads/PRJEB73793/ERR12832746_2.fastq.gz
72A8	1	ERR12832740	ILLUMINA	PAIRED	/groups/group-meyer/data/reads/PRJEB73793/ERR12832740_1.fastq.gz	/groups/group-meyer/data/reads/PRJEB73793/ERR12832740_2.fastq.gz
87C25	1	ERR12832757	ILLUMINA	PAIRED	/groups/group-meyer/data/reads/PRJEB73793/ERR12832757_1.fastq.gz	/groups/group-meyer/data/reads/PRJEB73793/ERR12832757_2.fastq.gz
82C21	1	ERR12832751	ILLUMINA	PAIRED	/groups/group-meyer/data/reads/PRJEB73793/ERR12832751_1.fastq.gz	/groups/group-meyer/data/reads/PRJEB73793/ERR12832751_2.fastq.gz
74C8	1	ERR12832741	ILLUMINA	PAIRED	/groups/group-meyer/data/reads/PRJEB73793/ERR12832741_1.fastq.gz	/groups/group-meyer/data/reads/PRJEB73793/ERR12832741_2.fastq.gz
88C19	1	ERR12832758	ILLUMINA	PAIRED	/groups/group-meyer/data/reads/PRJEB73793/ERR12832758_1.fastq.gz	/groups/group-meyer/data/reads/PRJEB73793/ERR12832758_2.fastq.gz
77B14	1	ERR12832744	ILLUMINA	PAIRED	/groups/group-meyer/data/reads/PRJEB73793/ERR12832744_1.fastq.gz	/groups/group-meyer/data/reads/PRJEB73793/ERR12832744_2.fastq.gz
85C12	1	ERR12832755	ILLUMINA	PAIRED	/groups/group-meyer/data/reads/PRJEB73793/ERR12832755_1.fastq.gz	/groups/group-meyer/data/reads/PRJEB73793/ERR12832755_2.fastq.gz
79C1	1	ERR12832747	ILLUMINA	PAIRED	/groups/group-meyer/data/reads/PRJEB73793/ERR12832747_1.fastq.gz	/groups/group-meyer/data/reads/PRJEB73793/ERR12832747_2.fastq.gz
96C26	1	ERR12832764	ILLUMINA	PAIRED	/groups/group-meyer/data/reads/PRJEB73793/ERR12832764_1.fastq.gz	/groups/group-meyer/data/reads/PRJEB73793/ERR12832764_2.fastq.gz
86C22	1	ERR12832756	ILLUMINA	PAIRED	/groups/group-meyer/data/reads/PRJEB73793/ERR12832756_1.fastq.gz	/groups/group-meyer/data/reads/PRJEB73793/ERR12832756_2.fastq.gz
80C17	1	ERR12832748	ILLUMINA	PAIRED	/groups/group-meyer/data/reads/PRJEB73793/ERR12832748_1.fastq.gz	/groups/group-meyer/data/reads/PRJEB73793/ERR12832748_2.fastq.gz
98C12	1	ERR12832766	ILLUMINA	PAIRED	/groups/group-meyer/data/reads/PRJEB73793/ERR12832766_1.fastq.gz	/groups/group-meyer/data/reads/PRJEB73793/ERR12832766_2.fastq.gz
88C20	1	ERR12832759	ILLUMINA	PAIRED	/groups/group-meyer/data/reads/PRJEB73793/ERR12832759_1.fastq.gz	/groups/group-meyer/data/reads/PRJEB73793/ERR12832759_2.fastq.gz
81C14	1	ERR12832749	ILLUMINA	PAIRED	/groups/group-meyer/data/reads/PRJEB73793/ERR12832749_1.fastq.gz	/groups/group-meyer/data/reads/PRJEB73793/ERR12832749_2.fastq.gz
9C24	1	ERR12832770	ILLUMINA	PAIRED	/groups/group-meyer/data/reads/PRJEB73793/ERR12832770_1.fastq.gz	/groups/group-meyer/data/reads/PRJEB73793/ERR12832770_2.fastq.gz
8C2	1	ERR12832760	ILLUMINA	PAIRED	/groups/group-meyer/data/reads/PRJEB73793/ERR12832760_1.fastq.gz	/groups/group-meyer/data/reads/PRJEB73793/ERR12832760_2.fastq.gz
82C23	1	ERR12832752	ILLUMINA	PAIRED	/groups/group-meyer/data/reads/PRJEB73793/ERR12832752_1.fastq.gz	/groups/group-meyer/data/reads/PRJEB73793/ERR12832752_2.fastq.gz
84C7	1	ERR12832754	ILLUMINA	PAIRED	/groups/group-meyer/data/reads/PRJEB73793/ERR12832754_1.fastq.gz	/groups/group-meyer/data/reads/PRJEB73793/ERR12832754_2.fastq.gz
V184-19	1	ERR12832776	ILLUMINA	PAIRED	/groups/group-meyer/data/reads/PRJEB73793/ERR12832776_1.fastq.gz	/groups/group-meyer/data/reads/PRJEB73793/ERR12832776_2.fastq.gz
94B6	1	ERR12832762	ILLUMINA	PAIRED	/groups/group-meyer/data/reads/PRJEB73793/ERR12832762_1.fastq.gz	/groups/group-meyer/data/reads/PRJEB73793/ERR12832762_2.fastq.gz
93C2	1	ERR12832761	ILLUMINA	PAIRED	/groups/group-meyer/data/reads/PRJEB73793/ERR12832761_1.fastq.gz	/groups/group-meyer/data/reads/PRJEB73793/ERR12832761_2.fastq.gz
V192-81	1	ERR12832777	ILLUMINA	PAIRED	/groups/group-meyer/data/reads/PRJEB73793/ERR12832777_1.fastq.gz	/groups/group-meyer/data/reads/PRJEB73793/ERR12832777_2.fastq.gz
V184-14	1	ERR12832771	ILLUMINA	PAIRED	/groups/group-meyer/data/reads/PRJEB73793/ERR12832771_1.fastq.gz	/groups/group-meyer/data/reads/PRJEB73793/ERR12832771_2.fastq.gz
95A8	1	ERR12832763	ILLUMINA	PAIRED	/groups/group-meyer/data/reads/PRJEB73793/ERR12832763_1.fastq.gz	/groups/group-meyer/data/reads/PRJEB73793/ERR12832763_2.fastq.gz
V200-50	1	ERR12832782	ILLUMINA	PAIRED	/groups/group-meyer/data/reads/PRJEB73793/ERR12832782_1.fastq.gz	/groups/group-meyer/data/reads/PRJEB73793/ERR12832782_2.fastq.gz
98C11	1	ERR12832765	ILLUMINA	PAIRED	/groups/group-meyer/data/reads/PRJEB73793/ERR12832765_1.fastq.gz	/groups/group-meyer/data/reads/PRJEB73793/ERR12832765_2.fastq.gz
V184-15	1	ERR12832772	ILLUMINA	PAIRED	/groups/group-meyer/data/reads/PRJEB73793/ERR12832772_1.fastq.gz	/groups/group-meyer/data/reads/PRJEB73793/ERR12832772_2.fastq.gz
V207-11	1	ERR12832785	ILLUMINA	PAIRED	/groups/group-meyer/data/reads/PRJEB73793/ERR12832785_1.fastq.gz	/groups/group-meyer/data/reads/PRJEB73793/ERR12832785_2.fastq.gz
99B16	1	ERR12832767	ILLUMINA	PAIRED	/groups/group-meyer/data/reads/PRJEB73793/ERR12832767_1.fastq.gz	/groups/group-meyer/data/reads/PRJEB73793/ERR12832767_2.fastq.gz
V184-16	1	ERR12832773	ILLUMINA	PAIRED	/groups/group-meyer/data/reads/PRJEB73793/ERR12832773_1.fastq.gz	/groups/group-meyer/data/reads/PRJEB73793/ERR12832773_2.fastq.gz
V213-14	1	ERR12832791	ILLUMINA	PAIRED	/groups/group-meyer/data/reads/PRJEB73793/ERR12832791_1.fastq.gz	/groups/group-meyer/data/reads/PRJEB73793/ERR12832791_2.fastq.gz
9C22	1	ERR12832768	ILLUMINA	PAIRED	/groups/group-meyer/data/reads/PRJEB73793/ERR12832768_1.fastq.gz	/groups/group-meyer/data/reads/PRJEB73793/ERR12832768_2.fastq.gz
9C23	1	ERR12832769	ILLUMINA	PAIRED	/groups/group-meyer/data/reads/PRJEB73793/ERR12832769_1.fastq.gz	/groups/group-meyer/data/reads/PRJEB73793/ERR12832769_2.fastq.gz
V184-17	1	ERR12832774	ILLUMINA	PAIRED	/groups/group-meyer/data/reads/PRJEB73793/ERR12832774_1.fastq.gz	/groups/group-meyer/data/reads/PRJEB73793/ERR12832774_2.fastq.gz
V215-11	1	ERR12832792	ILLUMINA	PAIRED	/groups/group-meyer/data/reads/PRJEB73793/ERR12832792_1.fastq.gz	/groups/group-meyer/data/reads/PRJEB73793/ERR12832792_2.fastq.gz
V196-05	1	ERR12832778	ILLUMINA	PAIRED	/groups/group-meyer/data/reads/PRJEB73793/ERR12832778_1.fastq.gz	/groups/group-meyer/data/reads/PRJEB73793/ERR12832778_2.fastq.gz
V184-18	1	ERR12832775	ILLUMINA	PAIRED	/groups/group-meyer/data/reads/PRJEB73793/ERR12832775_1.fastq.gz	/groups/group-meyer/data/reads/PRJEB73793/ERR12832775_2.fastq.gz
V226-02	1	ERR12832798	ILLUMINA	PAIRED	/groups/group-meyer/data/reads/PRJEB73793/ERR12832798_1.fastq.gz	/groups/group-meyer/data/reads/PRJEB73793/ERR12832798_2.fastq.gz
V197-79	1	ERR12832779	ILLUMINA	PAIRED	/groups/group-meyer/data/reads/PRJEB73793/ERR12832779_1.fastq.gz	/groups/group-meyer/data/reads/PRJEB73793/ERR12832779_2.fastq.gz
V200-72	1	ERR12832783	ILLUMINA	PAIRED	/groups/group-meyer/data/reads/PRJEB73793/ERR12832783_1.fastq.gz	/groups/group-meyer/data/reads/PRJEB73793/ERR12832783_2.fastq.gz
V226-13	1	ERR12832799	ILLUMINA	PAIRED	/groups/group-meyer/data/reads/PRJEB73793/ERR12832799_1.fastq.gz	/groups/group-meyer/data/reads/PRJEB73793/ERR12832799_2.fastq.gz
V198-65	1	ERR12832780	ILLUMINA	PAIRED	/groups/group-meyer/data/reads/PRJEB73793/ERR12832780_1.fastq.gz	/groups/group-meyer/data/reads/PRJEB73793/ERR12832780_2.fastq.gz
V209-50	1	ERR12832787	ILLUMINA	PAIRED	/groups/group-meyer/data/reads/PRJEB73793/ERR12832787_1.fastq.gz	/groups/group-meyer/data/reads/PRJEB73793/ERR12832787_2.fastq.gz
V231-63	1	ERR12832803	ILLUMINA	PAIRED	/groups/group-meyer/data/reads/PRJEB73793/ERR12832803_1.fastq.gz	/groups/group-meyer/data/reads/PRJEB73793/ERR12832803_2.fastq.gz
V199-25	1	ERR12832781	ILLUMINA	PAIRED	/groups/group-meyer/data/reads/PRJEB73793/ERR12832781_1.fastq.gz	/groups/group-meyer/data/reads/PRJEB73793/ERR12832781_2.fastq.gz
V215-17	1	ERR12832793	ILLUMINA	PAIRED	/groups/group-meyer/data/reads/PRJEB73793/ERR12832793_1.fastq.gz	/groups/group-meyer/data/reads/PRJEB73793/ERR12832793_2.fastq.gz
V232-75	1	ERR12832804	ILLUMINA	PAIRED	/groups/group-meyer/data/reads/PRJEB73793/ERR12832804_1.fastq.gz	/groups/group-meyer/data/reads/PRJEB73793/ERR12832804_2.fastq.gz
V204-54	1	ERR12832784	ILLUMINA	PAIRED	/groups/group-meyer/data/reads/PRJEB73793/ERR12832784_1.fastq.gz	/groups/group-meyer/data/reads/PRJEB73793/ERR12832784_2.fastq.gz
V208-52	1	ERR12832786	ILLUMINA	PAIRED	/groups/group-meyer/data/reads/PRJEB73793/ERR12832786_1.fastq.gz	/groups/group-meyer/data/reads/PRJEB73793/ERR12832786_2.fastq.gz
V215-18	1	ERR12832794	ILLUMINA	PAIRED	/groups/group-meyer/data/reads/PRJEB73793/ERR12832794_1.fastq.gz	/groups/group-meyer/data/reads/PRJEB73793/ERR12832794_2.fastq.gz
V237-62	1	ERR12832809	ILLUMINA	PAIRED	/groups/group-meyer/data/reads/PRJEB73793/ERR12832809_1.fastq.gz	/groups/group-meyer/data/reads/PRJEB73793/ERR12832809_2.fastq.gz
V209-56	1	ERR12832788	ILLUMINA	PAIRED	/groups/group-meyer/data/reads/PRJEB73793/ERR12832788_1.fastq.gz	/groups/group-meyer/data/reads/PRJEB73793/ERR12832788_2.fastq.gz
V215-62	1	ERR12832795	ILLUMINA	PAIRED	/groups/group-meyer/data/reads/PRJEB73793/ERR12832795_1.fastq.gz	/groups/group-meyer/data/reads/PRJEB73793/ERR12832795_2.fastq.gz
V238-07	1	ERR12832810	ILLUMINA	PAIRED	/groups/group-meyer/data/reads/PRJEB73793/ERR12832810_1.fastq.gz	/groups/group-meyer/data/reads/PRJEB73793/ERR12832810_2.fastq.gz
V210-08	1	ERR12832789	ILLUMINA	PAIRED	/groups/group-meyer/data/reads/PRJEB73793/ERR12832789_1.fastq.gz	/groups/group-meyer/data/reads/PRJEB73793/ERR12832789_2.fastq.gz
V219-48	1	ERR12832796	ILLUMINA	PAIRED	/groups/group-meyer/data/reads/PRJEB73793/ERR12832796_1.fastq.gz	/groups/group-meyer/data/reads/PRJEB73793/ERR12832796_2.fastq.gz
V251-74	1	ERR12832813	ILLUMINA	PAIRED	/groups/group-meyer/data/reads/PRJEB73793/ERR12832813_1.fastq.gz	/groups/group-meyer/data/reads/PRJEB73793/ERR12832813_2.fastq.gz
V212-54	1	ERR12832790	ILLUMINA	PAIRED	/groups/group-meyer/data/reads/PRJEB73793/ERR12832790_1.fastq.gz	/groups/group-meyer/data/reads/PRJEB73793/ERR12832790_2.fastq.gz
V254-55	1	ERR12832816	ILLUMINA	PAIRED	/groups/group-meyer/data/reads/PRJEB73793/ERR12832816_1.fastq.gz	/groups/group-meyer/data/reads/PRJEB73793/ERR12832816_2.fastq.gz
V226-28	1	ERR12832800	ILLUMINA	PAIRED	/groups/group-meyer/data/reads/PRJEB73793/ERR12832800_1.fastq.gz	/groups/group-meyer/data/reads/PRJEB73793/ERR12832800_2.fastq.gz
V224-66	1	ERR12832797	ILLUMINA	PAIRED	/groups/group-meyer/data/reads/PRJEB73793/ERR12832797_1.fastq.gz	/groups/group-meyer/data/reads/PRJEB73793/ERR12832797_2.fastq.gz
V228-47	1	ERR12832801	ILLUMINA	PAIRED	/groups/group-meyer/data/reads/PRJEB73793/ERR12832801_1.fastq.gz	/groups/group-meyer/data/reads/PRJEB73793/ERR12832801_2.fastq.gz
V257-33	1	ERR12832818	ILLUMINA	PAIRED	/groups/group-meyer/data/reads/PRJEB73793/ERR12832818_1.fastq.gz	/groups/group-meyer/data/reads/PRJEB73793/ERR12832818_2.fastq.gz
V233-22	1	ERR12832805	ILLUMINA	PAIRED	/groups/group-meyer/data/reads/PRJEB73793/ERR12832805_1.fastq.gz	/groups/group-meyer/data/reads/PRJEB73793/ERR12832805_2.fastq.gz
V229-37	1	ERR12832802	ILLUMINA	PAIRED	/groups/group-meyer/data/reads/PRJEB73793/ERR12832802_1.fastq.gz	/groups/group-meyer/data/reads/PRJEB73793/ERR12832802_2.fastq.gz
V258-36	1	ERR12832819	ILLUMINA	PAIRED	/groups/group-meyer/data/reads/PRJEB73793/ERR12832819_1.fastq.gz	/groups/group-meyer/data/reads/PRJEB73793/ERR12832819_2.fastq.gz
V233-43	1	ERR12832806	ILLUMINA	PAIRED	/groups/group-meyer/data/reads/PRJEB73793/ERR12832806_1.fastq.gz	/groups/group-meyer/data/reads/PRJEB73793/ERR12832806_2.fastq.gz
V234-13	1	ERR12832807	ILLUMINA	PAIRED	/groups/group-meyer/data/reads/PRJEB73793/ERR12832807_1.fastq.gz	/groups/group-meyer/data/reads/PRJEB73793/ERR12832807_2.fastq.gz
V272-32	1	ERR12832831	ILLUMINA	PAIRED	/groups/group-meyer/data/reads/PRJEB73793/ERR12832831_1.fastq.gz	/groups/group-meyer/data/reads/PRJEB73793/ERR12832831_2.fastq.gz
V240-10	1	ERR12832811	ILLUMINA	PAIRED	/groups/group-meyer/data/reads/PRJEB73793/ERR12832811_1.fastq.gz	/groups/group-meyer/data/reads/PRJEB73793/ERR12832811_2.fastq.gz
V235-57	1	ERR12832808	ILLUMINA	PAIRED	/groups/group-meyer/data/reads/PRJEB73793/ERR12832808_1.fastq.gz	/groups/group-meyer/data/reads/PRJEB73793/ERR12832808_2.fastq.gz
V273-30	1	ERR12832833	ILLUMINA	PAIRED	/groups/group-meyer/data/reads/PRJEB73793/ERR12832833_1.fastq.gz	/groups/group-meyer/data/reads/PRJEB73793/ERR12832833_2.fastq.gz
V261-31	1	ERR12832823	ILLUMINA	PAIRED	/groups/group-meyer/data/reads/PRJEB73793/ERR12832823_1.fastq.gz	/groups/group-meyer/data/reads/PRJEB73793/ERR12832823_2.fastq.gz
V250-64	1	ERR12832812	ILLUMINA	PAIRED	/groups/group-meyer/data/reads/PRJEB73793/ERR12832812_1.fastq.gz	/groups/group-meyer/data/reads/PRJEB73793/ERR12832812_2.fastq.gz
V273-52	1	ERR12832834	ILLUMINA	PAIRED	/groups/group-meyer/data/reads/PRJEB73793/ERR12832834_1.fastq.gz	/groups/group-meyer/data/reads/PRJEB73793/ERR12832834_2.fastq.gz
V265-17	1	ERR12832826	ILLUMINA	PAIRED	/groups/group-meyer/data/reads/PRJEB73793/ERR12832826_1.fastq.gz	/groups/group-meyer/data/reads/PRJEB73793/ERR12832826_2.fastq.gz
V252-43	1	ERR12832814	ILLUMINA	PAIRED	/groups/group-meyer/data/reads/PRJEB73793/ERR12832814_1.fastq.gz	/groups/group-meyer/data/reads/PRJEB73793/ERR12832814_2.fastq.gz
V269-73	1	ERR12832829	ILLUMINA	PAIRED	/groups/group-meyer/data/reads/PRJEB73793/ERR12832829_1.fastq.gz	/groups/group-meyer/data/reads/PRJEB73793/ERR12832829_2.fastq.gz
V273-53	1	ERR12832835	ILLUMINA	PAIRED	/groups/group-meyer/data/reads/PRJEB73793/ERR12832835_1.fastq.gz	/groups/group-meyer/data/reads/PRJEB73793/ERR12832835_2.fastq.gz
V254-50	1	ERR12832815	ILLUMINA	PAIRED	/groups/group-meyer/data/reads/PRJEB73793/ERR12832815_1.fastq.gz	/groups/group-meyer/data/reads/PRJEB73793/ERR12832815_2.fastq.gz
V273-05	1	ERR12832832	ILLUMINA	PAIRED	/groups/group-meyer/data/reads/PRJEB73793/ERR12832832_1.fastq.gz	/groups/group-meyer/data/reads/PRJEB73793/ERR12832832_2.fastq.gz
V289-01	1	ERR12832840	ILLUMINA	PAIRED	/groups/group-meyer/data/reads/PRJEB73793/ERR12832840_1.fastq.gz	/groups/group-meyer/data/reads/PRJEB73793/ERR12832840_2.fastq.gz
V255-23	1	ERR12832817	ILLUMINA	PAIRED	/groups/group-meyer/data/reads/PRJEB73793/ERR12832817_1.fastq.gz	/groups/group-meyer/data/reads/PRJEB73793/ERR12832817_2.fastq.gz
V284-29	1	ERR12832838	ILLUMINA	PAIRED	/groups/group-meyer/data/reads/PRJEB73793/ERR12832838_1.fastq.gz	/groups/group-meyer/data/reads/PRJEB73793/ERR12832838_2.fastq.gz
V294-36	1	ERR12832842	ILLUMINA	PAIRED	/groups/group-meyer/data/reads/PRJEB73793/ERR12832842_1.fastq.gz	/groups/group-meyer/data/reads/PRJEB73793/ERR12832842_2.fastq.gz
V259-28	1	ERR12832820	ILLUMINA	PAIRED	/groups/group-meyer/data/reads/PRJEB73793/ERR12832820_1.fastq.gz	/groups/group-meyer/data/reads/PRJEB73793/ERR12832820_2.fastq.gz
V297-39	1	ERR12832843	ILLUMINA	PAIRED	/groups/group-meyer/data/reads/PRJEB73793/ERR12832843_1.fastq.gz	/groups/group-meyer/data/reads/PRJEB73793/ERR12832843_2.fastq.gz
V285-58	1	ERR12832839	ILLUMINA	PAIRED	/groups/group-meyer/data/reads/PRJEB73793/ERR12832839_1.fastq.gz	/groups/group-meyer/data/reads/PRJEB73793/ERR12832839_2.fastq.gz
V306-43	1	ERR12832844	ILLUMINA	PAIRED	/groups/group-meyer/data/reads/PRJEB73793/ERR12832844_1.fastq.gz	/groups/group-meyer/data/reads/PRJEB73793/ERR12832844_2.fastq.gz
V259-78	1	ERR12832821	ILLUMINA	PAIRED	/groups/group-meyer/data/reads/PRJEB73793/ERR12832821_1.fastq.gz	/groups/group-meyer/data/reads/PRJEB73793/ERR12832821_2.fastq.gz
V293-59	1	ERR12832841	ILLUMINA	PAIRED	/groups/group-meyer/data/reads/PRJEB73793/ERR12832841_1.fastq.gz	/groups/group-meyer/data/reads/PRJEB73793/ERR12832841_2.fastq.gz
V261-15	1	ERR12832822	ILLUMINA	PAIRED	/groups/group-meyer/data/reads/PRJEB73793/ERR12832822_1.fastq.gz	/groups/group-meyer/data/reads/PRJEB73793/ERR12832822_2.fastq.gz
V306-67	1	ERR12832845	ILLUMINA	PAIRED	/groups/group-meyer/data/reads/PRJEB73793/ERR12832845_1.fastq.gz	/groups/group-meyer/data/reads/PRJEB73793/ERR12832845_2.fastq.gz
V261-45	1	ERR12832824	ILLUMINA	PAIRED	/groups/group-meyer/data/reads/PRJEB73793/ERR12832824_1.fastq.gz	/groups/group-meyer/data/reads/PRJEB73793/ERR12832824_2.fastq.gz
V265-12	1	ERR12832825	ILLUMINA	PAIRED	/groups/group-meyer/data/reads/PRJEB73793/ERR12832825_1.fastq.gz	/groups/group-meyer/data/reads/PRJEB73793/ERR12832825_2.fastq.gz
V265-56	1	ERR12832827	ILLUMINA	PAIRED	/groups/group-meyer/data/reads/PRJEB73793/ERR12832827_1.fastq.gz	/groups/group-meyer/data/reads/PRJEB73793/ERR12832827_2.fastq.gz
V266-66	1	ERR12832828	ILLUMINA	PAIRED	/groups/group-meyer/data/reads/PRJEB73793/ERR12832828_1.fastq.gz	/groups/group-meyer/data/reads/PRJEB73793/ERR12832828_2.fastq.gz
V272-18	1	ERR12832830	ILLUMINA	PAIRED	/groups/group-meyer/data/reads/PRJEB73793/ERR12832830_1.fastq.gz	/groups/group-meyer/data/reads/PRJEB73793/ERR12832830_2.fastq.gz
V275-41	1	ERR12832836	ILLUMINA	PAIRED	/groups/group-meyer/data/reads/PRJEB73793/ERR12832836_1.fastq.gz	/groups/group-meyer/data/reads/PRJEB73793/ERR12832836_2.fastq.gz
V282-59	1	ERR12832837	ILLUMINA	PAIRED	/groups/group-meyer/data/reads/PRJEB73793/ERR12832837_1.fastq.gz	/groups/group-meyer/data/reads/PRJEB73793/ERR12832837_2.fastq.gz
12-7505446	1	ERR769500	ILLUMINA	PAIRED	/groups/group-meyer/data/reads/PRJEB8623/ERR769500_1.fastq.gz	/groups/group-meyer/data/reads/PRJEB8623/ERR769500_2.fastq.gz
12-7505220	1	ERR769501	ILLUMINA	PAIRED	/groups/group-meyer/data/reads/PRJEB8623/ERR769501_1.fastq.gz	/groups/group-meyer/data/reads/PRJEB8623/ERR769501_2.fastq.gz
Af293	1	ERR769498	ILLUMINA	PAIRED	/groups/group-meyer/data/reads/PRJEB8623/ERR769498_1.fastq.gz	/groups/group-meyer/data/reads/PRJEB8623/ERR769498_2.fastq.gz
12-7504462	1	ERR769504	ILLUMINA	PAIRED	/groups/group-meyer/data/reads/PRJEB8623/ERR769504_1.fastq.gz	/groups/group-meyer/data/reads/PRJEB8623/ERR769504_2.fastq.gz
Af65	1	ERR769499	ILLUMINA	PAIRED	/groups/group-meyer/data/reads/PRJEB8623/ERR769499_1.fastq.gz	/groups/group-meyer/data/reads/PRJEB8623/ERR769499_2.fastq.gz
12-7505054	1	ERR769505	ILLUMINA	PAIRED	/groups/group-meyer/data/reads/PRJEB8623/ERR769505_1.fastq.gz	/groups/group-meyer/data/reads/PRJEB8623/ERR769505_2.fastq.gz
08-31-08-91	1	ERR769508	ILLUMINA	PAIRED	/groups/group-meyer/data/reads/PRJEB8623/ERR769508_1.fastq.gz	/groups/group-meyer/data/reads/PRJEB8623/ERR769508_2.fastq.gz
08-12-12-13	1	ERR769506	ILLUMINA	PAIRED	/groups/group-meyer/data/reads/PRJEB8623/ERR769506_1.fastq.gz	/groups/group-meyer/data/reads/PRJEB8623/ERR769506_2.fastq.gz
08-19-02-46	1	ERR769512	ILLUMINA	PAIRED	/groups/group-meyer/data/reads/PRJEB8623/ERR769512_1.fastq.gz	/groups/group-meyer/data/reads/PRJEB8623/ERR769512_2.fastq.gz
08-19-02-61	1	ERR769509	ILLUMINA	PAIRED	/groups/group-meyer/data/reads/PRJEB8623/ERR769509_1.fastq.gz	/groups/group-meyer/data/reads/PRJEB8623/ERR769509_2.fastq.gz
10-01-02-27	1	ERR769511	ILLUMINA	PAIRED	/groups/group-meyer/data/reads/PRJEB8623/ERR769511_1.fastq.gz	/groups/group-meyer/data/reads/PRJEB8623/ERR769511_2.fastq.gz
Afu343-P-11	1	ERR769516	ILLUMINA	PAIRED	/groups/group-meyer/data/reads/PRJEB8623/ERR769516_1.fastq.gz	/groups/group-meyer/data/reads/PRJEB8623/ERR769516_2.fastq.gz
09-7500806	1	ERR769502	ILLUMINA	PAIRED	/groups/group-meyer/data/reads/PRJEB8623/ERR769502_1.fastq.gz	/groups/group-meyer/data/reads/PRJEB8623/ERR769502_2.fastq.gz
Afu942-09	1	ERR769514	ILLUMINA	PAIRED	/groups/group-meyer/data/reads/PRJEB8623/ERR769514_1.fastq.gz	/groups/group-meyer/data/reads/PRJEB8623/ERR769514_2.fastq.gz
Afu591-12	1	ERR769517	ILLUMINA	PAIRED	/groups/group-meyer/data/reads/PRJEB8623/ERR769517_1.fastq.gz	/groups/group-meyer/data/reads/PRJEB8623/ERR769517_2.fastq.gz
12-7504652	1	ERR769503	ILLUMINA	PAIRED	/groups/group-meyer/data/reads/PRJEB8623/ERR769503_1.fastq.gz	/groups/group-meyer/data/reads/PRJEB8623/ERR769503_2.fastq.gz
Afu1042-09	1	ERR769515	ILLUMINA	PAIRED	/groups/group-meyer/data/reads/PRJEB8623/ERR769515_1.fastq.gz	/groups/group-meyer/data/reads/PRJEB8623/ERR769515_2.fastq.gz
08-36-03-25	1	ERR769507	ILLUMINA	PAIRED	/groups/group-meyer/data/reads/PRJEB8623/ERR769507_1.fastq.gz	/groups/group-meyer/data/reads/PRJEB8623/ERR769507_2.fastq.gz
Afu218-E11	1	ERR769521	ILLUMINA	PAIRED	/groups/group-meyer/data/reads/PRJEB8623/ERR769521_1.fastq.gz	/groups/group-meyer/data/reads/PRJEB8623/ERR769521_2.fastq.gz
Afu257-E11	1	ERR769520	ILLUMINA	PAIRED	/groups/group-meyer/data/reads/PRJEB8623/ERR769520_1.fastq.gz	/groups/group-meyer/data/reads/PRJEB8623/ERR769520_2.fastq.gz
08-19-02-30	1	ERR769510	ILLUMINA	PAIRED	/groups/group-meyer/data/reads/PRJEB8623/ERR769510_1.fastq.gz	/groups/group-meyer/data/reads/PRJEB8623/ERR769510_2.fastq.gz
08-19-02-10	1	ERR769513	ILLUMINA	PAIRED	/groups/group-meyer/data/reads/PRJEB8623/ERR769513_1.fastq.gz	/groups/group-meyer/data/reads/PRJEB8623/ERR769513_2.fastq.gz
Afu124-E11	1	ERR769518	ILLUMINA	PAIRED	/groups/group-meyer/data/reads/PRJEB8623/ERR769518_1.fastq.gz	/groups/group-meyer/data/reads/PRJEB8623/ERR769518_2.fastq.gz
Afu166-E11	1	ERR769519	ILLUMINA	PAIRED	/groups/group-meyer/data/reads/PRJEB8623/ERR769519_1.fastq.gz	/groups/group-meyer/data/reads/PRJEB8623/ERR769519_2.fastq.gz
CM2733	1	SRR7418923	ILLUMINA	PAIRED	/groups/group-meyer/data/reads/PRJNA477519/SRR7418923_1.fastq.gz	/groups/group-meyer/data/reads/PRJNA477519/SRR7418923_2.fastq.gz
AF293	1	SRR7418931	ILLUMINA	PAIRED	/groups/group-meyer/data/reads/PRJNA477519/SRR7418931_1.fastq.gz	/groups/group-meyer/data/reads/PRJNA477519/SRR7418931_2.fastq.gz
CM7560	1	SRR7418925	ILLUMINA	PAIRED	/groups/group-meyer/data/reads/PRJNA477519/SRR7418925_1.fastq.gz	/groups/group-meyer/data/reads/PRJNA477519/SRR7418925_2.fastq.gz
akuBKU80	1	SRR7418932	ILLUMINA	PAIRED	/groups/group-meyer/data/reads/PRJNA477519/SRR7418932_1.fastq.gz	/groups/group-meyer/data/reads/PRJNA477519/SRR7418932_2.fastq.gz
CM3262	1	SRR7418922	ILLUMINA	PAIRED	/groups/group-meyer/data/reads/PRJNA477519/SRR7418922_1.fastq.gz	/groups/group-meyer/data/reads/PRJNA477519/SRR7418922_2.fastq.gz
CEA10	1	SRR7418934	ILLUMINA	PAIRED	/groups/group-meyer/data/reads/PRJNA477519/SRR7418934_1.fastq.gz	/groups/group-meyer/data/reads/PRJNA477519/SRR7418934_2.fastq.gz
CM3249	1	SRR7418926	ILLUMINA	PAIRED	/groups/group-meyer/data/reads/PRJNA477519/SRR7418926_1.fastq.gz	/groups/group-meyer/data/reads/PRJNA477519/SRR7418926_2.fastq.gz
CM2730	1	SRR7418924	ILLUMINA	PAIRED	/groups/group-meyer/data/reads/PRJNA477519/SRR7418924_1.fastq.gz	/groups/group-meyer/data/reads/PRJNA477519/SRR7418924_2.fastq.gz
ATCC46645	1	SRR7418935	ILLUMINA	PAIRED	/groups/group-meyer/data/reads/PRJNA477519/SRR7418935_1.fastq.gz	/groups/group-meyer/data/reads/PRJNA477519/SRR7418935_2.fastq.gz
CM7555	1	SRR7418938	ILLUMINA	PAIRED	/groups/group-meyer/data/reads/PRJNA477519/SRR7418938_1.fastq.gz	/groups/group-meyer/data/reads/PRJNA477519/SRR7418938_2.fastq.gz
CM3720	1	SRR7418927	ILLUMINA	PAIRED	/groups/group-meyer/data/reads/PRJNA477519/SRR7418927_1.fastq.gz	/groups/group-meyer/data/reads/PRJNA477519/SRR7418927_2.fastq.gz
CM7510	1	SRR7418939	ILLUMINA	PAIRED	/groups/group-meyer/data/reads/PRJNA477519/SRR7418939_1.fastq.gz	/groups/group-meyer/data/reads/PRJNA477519/SRR7418939_2.fastq.gz
CM6126	1	SRR7418937	ILLUMINA	PAIRED	/groups/group-meyer/data/reads/PRJNA477519/SRR7418937_1.fastq.gz	/groups/group-meyer/data/reads/PRJNA477519/SRR7418937_2.fastq.gz
CM4602	1	SRR7418928	ILLUMINA	PAIRED	/groups/group-meyer/data/reads/PRJNA477519/SRR7418928_1.fastq.gz	/groups/group-meyer/data/reads/PRJNA477519/SRR7418928_2.fastq.gz
TP12	1	SRR7418940	ILLUMINA	PAIRED	/groups/group-meyer/data/reads/PRJNA477519/SRR7418940_1.fastq.gz	/groups/group-meyer/data/reads/PRJNA477519/SRR7418940_2.fastq.gz
CM7632	1	SRR7418941	ILLUMINA	PAIRED	/groups/group-meyer/data/reads/PRJNA477519/SRR7418941_1.fastq.gz	/groups/group-meyer/data/reads/PRJNA477519/SRR7418941_2.fastq.gz
CM237	1	SRR7418942	ILLUMINA	PAIRED	/groups/group-meyer/data/reads/PRJNA477519/SRR7418942_1.fastq.gz	/groups/group-meyer/data/reads/PRJNA477519/SRR7418942_2.fastq.gz
CM3249b	1	SRR7418929	ILLUMINA	PAIRED	/groups/group-meyer/data/reads/PRJNA477519/SRR7418929_1.fastq.gz	/groups/group-meyer/data/reads/PRJNA477519/SRR7418929_2.fastq.gz
CM5419	1	SRR7418944	ILLUMINA	PAIRED	/groups/group-meyer/data/reads/PRJNA477519/SRR7418944_1.fastq.gz	/groups/group-meyer/data/reads/PRJNA477519/SRR7418944_2.fastq.gz
CM3248	1	SRR7418945	ILLUMINA	PAIRED	/groups/group-meyer/data/reads/PRJNA477519/SRR7418945_1.fastq.gz	/groups/group-meyer/data/reads/PRJNA477519/SRR7418945_2.fastq.gz
CM2495	1	SRR7418930	ILLUMINA	PAIRED	/groups/group-meyer/data/reads/PRJNA477519/SRR7418930_1.fastq.gz	/groups/group-meyer/data/reads/PRJNA477519/SRR7418930_2.fastq.gz
TP32	1	SRR7418946	ILLUMINA	PAIRED	/groups/group-meyer/data/reads/PRJNA477519/SRR7418946_1.fastq.gz	/groups/group-meyer/data/reads/PRJNA477519/SRR7418946_2.fastq.gz
CM7570	1	SRR7418933	ILLUMINA	PAIRED	/groups/group-meyer/data/reads/PRJNA477519/SRR7418933_1.fastq.gz	/groups/group-meyer/data/reads/PRJNA477519/SRR7418933_2.fastq.gz
CM2141	1	SRR7418947	ILLUMINA	PAIRED	/groups/group-meyer/data/reads/PRJNA477519/SRR7418947_1.fastq.gz	/groups/group-meyer/data/reads/PRJNA477519/SRR7418947_2.fastq.gz
CM5757	1	SRR7418949	ILLUMINA	PAIRED	/groups/group-meyer/data/reads/PRJNA477519/SRR7418949_1.fastq.gz	/groups/group-meyer/data/reads/PRJNA477519/SRR7418949_2.fastq.gz
CM6458	1	SRR7418936	ILLUMINA	PAIRED	/groups/group-meyer/data/reads/PRJNA477519/SRR7418936_1.fastq.gz	/groups/group-meyer/data/reads/PRJNA477519/SRR7418936_2.fastq.gz
CM4946	1	SRR7418948	ILLUMINA	PAIRED	/groups/group-meyer/data/reads/PRJNA477519/SRR7418948_1.fastq.gz	/groups/group-meyer/data/reads/PRJNA477519/SRR7418948_2.fastq.gz
ATCC204305	1	SRR7418943	ILLUMINA	PAIRED	/groups/group-meyer/data/reads/PRJNA477519/SRR7418943_1.fastq.gz	/groups/group-meyer/data/reads/PRJNA477519/SRR7418943_2.fastq.gz
